Phase,Innings,Over,Batting_Team,Market_Favored_Team,Current_Score,Projected_Score,Current_Run_Rate,Required_Run_Rate,Market_Win_Probability,Model_Prob_Loss,Model_Prob_Win,Actual_Result,Actual_Outcome,Predicted_Result,Predicted_Outcome,Prediction_Correct,Bowling_Team,Model_Favored_Team,Model_Market_Diff,Abs_Model_Market_Diff,Value_Bet,Value_Category,Model_Win_Pct,Market_Win_Pct,Diff_Pct,Market_Favored_Win_Pct,Market_Favored_Probability,Market_Prob_Team,Market_Favors_Batting,Model_Market_Team_Agreement,over_num,ball_num,Model_Correct
,1,1.1.1,CSK,GT,6.0,103.0,5.14,,0.5632,0.51,0.49,0,Loss,0,Loss,True,Unknown,Unknown,-0.073,0.073,No,Slight Overvalued,49.0,56.3,-7.3,43.7,0.437,Unknown,False,False,1.0,1.0,True
,1,1.1.2,CSK,GT,6.0,90.0,4.5,,0.5632,0.51,0.49,0,Loss,0,Loss,True,Unknown,Unknown,-0.073,0.073,No,Slight Overvalued,49.0,56.3,-7.3,43.7,0.437,Unknown,False,False,1.0,1.0,True
,1,1.1.3,CSK,GT,10.0,133.0,6.67,,0.5632,0.54,0.46,0,Loss,0,Loss,True,Unknown,Unknown,-0.103,0.103,No,Strong Overvalued,46.0,56.3,-10.3,43.7,0.437,Unknown,False,False,1.0,1.0,True
,1,1.1.4,CSK,GT,11.0,132.0,6.6,,0.5632,0.55,0.45,0,Loss,0,Loss,True,Unknown,Unknown,-0.113,0.113,No,Strong Overvalued,45.0,56.3,-11.3,43.7,0.437,Unknown,False,False,1.0,1.0,True
,1,1.1.5,CSK,GT,12.0,131.0,6.55,,0.5632,0.54,0.46,0,Loss,0,Loss,True,Unknown,Unknown,-0.103,0.103,No,Strong Overvalued,46.0,56.3,-10.3,43.7,0.437,Unknown,False,False,1.0,1.0,True
,1,1.1.6,CSK,GT,13.0,130.0,6.5,,0.5632,0.53,0.47,0,Loss,0,Loss,True,Unknown,Unknown,-0.093,0.093,No,Slight Overvalued,47.0,56.3,-9.3,43.7,0.437,Unknown,False,False,1.0,1.0,True
,2,1.1.1,GT,CSK,9.0,154.0,7.71,9.03,0.7108,0.41,0.59,1,Win,1,Win,True,Unknown,GT,-0.121,0.121,No,Strong Overvalued,59.0,71.1,-12.1,28.90000000000001,0.289,Unknown,False,False,1.0,1.0,True
,2,1.1.2,GT,CSK,13.0,195.0,9.75,8.89,0.7108,0.23,0.77,1,Win,1,Win,True,Unknown,GT,0.059,0.059,Yes,Slight Value,77.0,71.1,5.9,28.90000000000001,0.289,Unknown,False,False,1.0,1.0,True
,2,1.1.3,GT,CSK,14.0,187.0,9.33,8.92,0.7108,0.27,0.73,1,Win,1,Win,True,Unknown,GT,0.019,0.019,No,Neutral,73.0,71.1,1.9,28.90000000000001,0.289,Unknown,False,False,1.0,1.0,True
,2,1.1.4,GT,CSK,14.0,168.0,8.4,9.0,0.7108,0.42,0.58,1,Win,1,Win,True,Unknown,GT,-0.131,0.131,No,Strong Overvalued,58.0,71.1,-13.1,28.90000000000001,0.289,Unknown,False,False,1.0,1.0,True
,2,1.1.5,GT,CSK,18.0,196.0,9.82,8.86,0.7108,0.21,0.79,1,Win,1,Win,True,Unknown,GT,0.079,0.079,Yes,Slight Value,79.0,71.1,7.9,28.90000000000001,0.289,Unknown,False,False,1.0,1.0,True
,2,1.1.6,GT,CSK,18.0,180.0,9.0,8.94,0.7108,0.3,0.7,1,Win,1,Win,True,Unknown,GT,-0.011,0.011,No,Neutral,70.0,71.1,-1.1,28.90000000000001,0.289,Unknown,False,False,1.0,1.0,True
,1,1.1.1,MI,RCB,6.0,103.0,5.14,,0.5485,0.31,0.69,0,Loss,1,Win,False,Unknown,MI,0.141,0.141,Yes,Strong Value,69.0,54.8,14.1,45.2,0.452,Unknown,False,False,1.0,1.0,False
,1,1.1.2,MI,RCB,6.0,90.0,4.5,,0.5485,0.31,0.69,0,Loss,1,Win,False,Unknown,MI,0.141,0.141,Yes,Strong Value,69.0,54.8,14.1,45.2,0.452,Unknown,False,False,1.0,1.0,False
,1,1.1.3,MI,RCB,6.0,80.0,4.0,,0.5485,0.3,0.7,0,Loss,1,Win,False,Unknown,MI,0.151,0.151,Yes,Strong Value,70.0,54.8,15.1,45.2,0.452,Unknown,False,False,1.0,1.0,False
,1,1.1.4,MI,RCB,10.0,120.0,6.0,,0.5485,0.31,0.69,0,Loss,1,Win,False,Unknown,MI,0.141,0.141,Yes,Strong Value,69.0,54.8,14.1,45.2,0.452,Unknown,False,False,1.0,1.0,False
,1,1.1.5,MI,RCB,10.0,109.0,5.45,,0.5485,0.32,0.68,0,Loss,1,Win,False,Unknown,MI,0.132,0.132,Yes,Strong Value,68.0,54.8,13.2,45.2,0.452,Unknown,False,False,1.0,1.0,False
,1,1.1.6,MI,RCB,11.0,110.0,5.5,,0.5485,0.32,0.68,0,Loss,1,Win,False,Unknown,MI,0.132,0.132,Yes,Strong Value,68.0,54.8,13.2,45.2,0.452,Unknown,False,False,1.0,1.0,False
,2,1.1.1,RCB,MI,5.0,86.0,4.29,8.87,0.5769,0.41,0.59,1,Win,1,Win,True,Unknown,RCB,0.013,0.013,No,Neutral,59.0,57.7,1.3,42.3,0.423,Unknown,False,False,1.0,1.0,True
,2,1.1.1,RCB,MI,6.0,103.0,5.14,8.81,0.5769,0.39,0.61,1,Win,1,Win,True,Unknown,RCB,0.033,0.033,No,Neutral,61.0,57.7,3.3,42.3,0.423,Unknown,False,False,1.0,1.0,True
,2,1.1.1,RCB,MI,7.0,120.0,6.0,8.76,0.5769,0.4,0.6,1,Win,1,Win,True,Unknown,RCB,0.023,0.023,No,Neutral,60.0,57.7,2.3,42.3,0.423,Unknown,False,False,1.0,1.0,True
,2,1.1.1,RCB,MI,8.0,137.0,6.86,8.71,0.5769,0.38,0.62,1,Win,1,Win,True,Unknown,RCB,0.043,0.043,No,Neutral,62.0,57.7,4.3,42.3,0.423,Unknown,False,False,1.0,1.0,True
,2,1.1.2,RCB,MI,12.0,180.0,9.0,8.57,0.5769,0.33,0.67,1,Win,1,Win,True,Unknown,RCB,0.093,0.093,Yes,Slight Value,67.0,57.7,9.3,42.3,0.423,Unknown,False,False,1.0,1.0,True
,2,1.1.3,RCB,MI,12.0,160.0,8.0,8.65,0.5769,0.33,0.67,1,Win,1,Win,True,Unknown,RCB,0.093,0.093,Yes,Slight Value,67.0,57.7,9.3,42.3,0.423,Unknown,False,False,1.0,1.0,True
,2,1.1.4,RCB,MI,13.0,156.0,7.8,8.67,0.5769,0.35,0.65,1,Win,1,Win,True,Unknown,RCB,0.073,0.073,Yes,Slight Value,65.0,57.7,7.3,42.3,0.423,Unknown,False,False,1.0,1.0,True
,2,1.1.5,RCB,MI,14.0,153.0,7.64,8.7,0.5769,0.34,0.66,1,Win,1,Win,True,Unknown,RCB,0.083,0.083,Yes,Slight Value,66.0,57.7,8.3,42.3,0.423,Unknown,False,False,1.0,1.0,True
,2,1.1.6,RCB,MI,14.0,140.0,7.0,8.78,0.5769,0.36,0.64,1,Win,1,Win,True,Unknown,RCB,0.063,0.063,Yes,Slight Value,64.0,57.7,6.3,42.3,0.423,Unknown,False,False,1.0,1.0,True
,1,1.1.1,RR,RR,20.0,343.0,17.14,,0.6751999999999999,0.18,0.82,1,Win,1,Win,True,Unknown,RR,0.145,0.145,Yes,Strong Value,82.0,67.5,14.5,67.5,0.675,RR,True,True,1.0,1.0,True
,1,1.1.2,RR,RR,20.0,300.0,15.0,,0.6751999999999999,0.18,0.82,1,Win,1,Win,True,Unknown,RR,0.145,0.145,Yes,Strong Value,82.0,67.5,14.5,67.5,0.675,RR,True,True,1.0,1.0,True
,1,1.1.3,RR,RR,24.0,320.0,16.0,,0.6751999999999999,0.18,0.82,1,Win,1,Win,True,Unknown,RR,0.145,0.145,Yes,Strong Value,82.0,67.5,14.5,67.5,0.675,RR,True,True,1.0,1.0,True
,1,1.1.4,RR,RR,24.0,288.0,14.4,,0.6751999999999999,0.18,0.82,1,Win,1,Win,True,Unknown,RR,0.145,0.145,Yes,Strong Value,82.0,67.5,14.5,67.5,0.675,RR,True,True,1.0,1.0,True
,1,1.1.5,RR,RR,28.0,305.0,15.27,,0.6751999999999999,0.18,0.82,1,Win,1,Win,True,Unknown,RR,0.145,0.145,Yes,Strong Value,82.0,67.5,14.5,67.5,0.675,RR,True,True,1.0,1.0,True
,1,1.1.6,RR,RR,32.0,320.0,16.0,,0.6751999999999999,0.2,0.8,1,Win,1,Win,True,Unknown,RR,0.125,0.125,Yes,Strong Value,80.0,67.5,12.5,67.5,0.675,RR,True,True,1.0,1.0,True
,2,1.1.1,DC,RR,0.0,0.0,0.0,10.62,0.93,0.78,0.22,0,Loss,0,Loss,True,Unknown,Unknown,-0.71,0.71,No,Strong Overvalued,22.0,93.0,-71.0,7.0,0.07,Unknown,False,False,1.0,1.0,True
,2,1.1.1,DC,RR,1.0,17.0,0.86,10.57,0.93,0.78,0.22,0,Loss,0,Loss,True,Unknown,Unknown,-0.71,0.71,No,Strong Overvalued,22.0,93.0,-71.0,7.0,0.07,Unknown,False,False,1.0,1.0,True
,2,1.1.2,DC,RR,1.0,15.0,0.75,10.66,0.93,0.78,0.22,0,Loss,0,Loss,True,Unknown,Unknown,-0.71,0.71,No,Strong Overvalued,22.0,93.0,-71.0,7.0,0.07,Unknown,False,False,1.0,1.0,True
,2,1.1.3,DC,RR,1.0,13.0,0.67,10.76,0.93,0.78,0.22,0,Loss,0,Loss,True,Unknown,Unknown,-0.71,0.71,No,Strong Overvalued,22.0,93.0,-71.0,7.0,0.07,Unknown,False,False,1.0,1.0,True
,2,1.1.4,DC,RR,1.0,12.0,0.6,10.85,0.93,0.78,0.22,0,Loss,0,Loss,True,Unknown,Unknown,-0.71,0.71,No,Strong Overvalued,22.0,93.0,-71.0,7.0,0.07,Unknown,False,False,1.0,1.0,True
,2,1.1.5,DC,RR,5.0,55.0,2.73,10.73,0.93,0.78,0.22,0,Loss,0,Loss,True,Unknown,Unknown,-0.71,0.71,No,Strong Overvalued,22.0,93.0,-71.0,7.0,0.07,Unknown,False,False,1.0,1.0,True
,2,1.1.6,DC,RR,5.0,50.0,2.5,10.83,0.93,0.78,0.22,0,Loss,0,Loss,True,Unknown,Unknown,-0.71,0.71,No,Strong Overvalued,22.0,93.0,-71.0,7.0,0.07,Unknown,False,False,1.0,1.0,True
,1,1.1.1,MI,MI,10.0,171.0,8.57,,0.5631,0.68,0.32,0,Loss,0,Loss,True,Unknown,Unknown,-0.243,0.243,No,Strong Overvalued,32.0,56.3,-24.3,56.3,0.563,MI,True,False,1.0,1.0,True
,1,1.1.2,MI,MI,11.0,165.0,8.25,,0.5631,0.7,0.3,0,Loss,0,Loss,True,Unknown,Unknown,-0.263,0.263,No,Strong Overvalued,30.0,56.3,-26.3,56.3,0.563,MI,True,False,1.0,1.0,True
,1,1.1.2,MI,MI,12.0,180.0,9.0,,0.5631,0.68,0.32,0,Loss,0,Loss,True,Unknown,Unknown,-0.243,0.243,No,Strong Overvalued,32.0,56.3,-24.3,56.3,0.563,MI,True,False,1.0,1.0,True
,1,1.1.3,MI,MI,12.0,160.0,8.0,,0.5631,0.69,0.31,0,Loss,0,Loss,True,Unknown,Unknown,-0.253,0.253,No,Strong Overvalued,31.0,56.3,-25.3,56.3,0.563,MI,True,False,1.0,1.0,True
,1,1.1.4,MI,MI,16.0,192.0,9.6,,0.5631,0.59,0.41,0,Loss,0,Loss,True,Unknown,Unknown,-0.153,0.153,No,Strong Overvalued,41.0,56.3,-15.3,56.3,0.563,MI,True,False,1.0,1.0,True
,1,1.1.5,MI,MI,16.0,175.0,8.73,,0.5631,0.66,0.34,0,Loss,0,Loss,True,Unknown,Unknown,-0.223,0.223,No,Strong Overvalued,34.0,56.3,-22.3,56.3,0.563,MI,True,False,1.0,1.0,True
,1,1.1.6,MI,MI,16.0,160.0,8.0,,0.5631,0.68,0.32,0,Loss,0,Loss,True,Unknown,Unknown,-0.243,0.243,No,Strong Overvalued,32.0,56.3,-24.3,56.3,0.563,MI,True,False,1.0,1.0,True
,2,1.1.1,CSK,CSK,7.0,120.0,6.0,8.02,0.5634,0.48,0.52,1,Win,1,Win,True,Unknown,CSK,-0.043,0.043,No,Neutral,52.0,56.3,-4.3,56.3,0.563,CSK,True,True,1.0,1.0,True
,2,1.1.1,CSK,CSK,8.0,137.0,6.86,7.96,0.5634,0.48,0.52,1,Win,1,Win,True,Unknown,CSK,-0.043,0.043,No,Neutral,52.0,56.3,-4.3,56.3,0.563,CSK,True,True,1.0,1.0,True
,2,1.1.2,CSK,CSK,9.0,135.0,6.75,7.98,0.5634,0.48,0.52,1,Win,1,Win,True,Unknown,CSK,-0.043,0.043,No,Neutral,52.0,56.3,-4.3,56.3,0.563,CSK,True,True,1.0,1.0,True
,2,1.1.3,CSK,CSK,9.0,120.0,6.0,8.05,0.5634,0.49,0.51,1,Win,1,Win,True,Unknown,CSK,-0.053,0.053,No,Slight Overvalued,51.0,56.3,-5.3,56.3,0.563,CSK,True,True,1.0,1.0,True
,2,1.1.3,CSK,CSK,10.0,133.0,6.67,8.0,0.5634,0.48,0.52,1,Win,1,Win,True,Unknown,CSK,-0.043,0.043,No,Neutral,52.0,56.3,-4.3,56.3,0.563,CSK,True,True,1.0,1.0,True
,2,1.1.4,CSK,CSK,11.0,132.0,6.6,8.02,0.5634,0.47,0.53,1,Win,1,Win,True,Unknown,CSK,-0.033,0.033,No,Neutral,53.0,56.3,-3.3,56.3,0.563,CSK,True,True,1.0,1.0,True
,2,1.1.5,CSK,CSK,12.0,131.0,6.55,8.04,0.5634,0.45,0.55,1,Win,1,Win,True,Unknown,CSK,-0.013,0.013,No,Neutral,55.0,56.3,-1.3,56.3,0.563,CSK,True,True,1.0,1.0,True
,2,1.1.6,CSK,CSK,12.0,120.0,6.0,8.11,0.5634,0.46,0.54,1,Win,1,Win,True,Unknown,CSK,-0.023,0.023,No,Neutral,54.0,56.3,-2.3,56.3,0.563,CSK,True,True,1.0,1.0,True
,1,1.1.1,RCB,RCB,12.0,206.0,10.29,,0.5188,0.51,0.49,1,Win,0,Loss,False,Unknown,Unknown,-0.029,0.029,No,Neutral,49.0,51.9,-2.9,51.9,0.519,RCB,True,False,1.0,1.0,False
,1,1.1.2,RCB,RCB,14.0,210.0,10.5,,0.5188,0.52,0.48,1,Win,0,Loss,False,Unknown,Unknown,-0.039,0.039,No,Neutral,48.0,51.9,-3.9,51.9,0.519,RCB,True,False,1.0,1.0,False
,1,1.1.3,RCB,RCB,14.0,187.0,9.33,,0.5188,0.53,0.47,1,Win,0,Loss,False,Unknown,Unknown,-0.049,0.049,No,Neutral,47.0,51.9,-4.9,51.9,0.519,RCB,True,False,1.0,1.0,False
,1,1.1.4,RCB,RCB,15.0,180.0,9.0,,0.5188,0.56,0.44,1,Win,0,Loss,False,Unknown,Unknown,-0.079,0.079,No,Slight Overvalued,44.0,51.9,-7.9,51.9,0.519,RCB,True,False,1.0,1.0,False
,1,1.1.5,RCB,RCB,15.0,164.0,8.18,,0.5188,0.55,0.45,1,Win,0,Loss,False,Unknown,Unknown,-0.069,0.069,No,Slight Overvalued,45.0,51.9,-6.9,51.9,0.519,RCB,True,False,1.0,1.0,False
,1,1.1.6,RCB,RCB,16.0,160.0,8.0,,0.5188,0.55,0.45,1,Win,0,Loss,False,Unknown,Unknown,-0.069,0.069,No,Slight Overvalued,45.0,51.9,-6.9,51.9,0.519,RCB,True,False,1.0,1.0,False
,2,1.1.1,DC,RCB,1.0,17.0,0.86,9.24,0.7112999999999999,0.54,0.46,0,Loss,0,Loss,True,Unknown,Unknown,-0.251,0.251,No,Strong Overvalued,46.0,71.1,-25.1,28.90000000000001,0.289,Unknown,False,False,1.0,1.0,True
,2,1.1.2,DC,RCB,1.0,15.0,0.75,9.32,0.7112999999999999,0.56,0.44,0,Loss,0,Loss,True,Unknown,Unknown,-0.271,0.271,No,Strong Overvalued,44.0,71.1,-27.1,28.90000000000001,0.289,Unknown,False,False,1.0,1.0,True
,2,1.1.3,DC,RCB,1.0,13.0,0.67,9.41,0.7112999999999999,0.58,0.42,0,Loss,0,Loss,True,Unknown,Unknown,-0.291,0.291,No,Strong Overvalued,42.0,71.1,-29.1,28.90000000000001,0.289,Unknown,False,False,1.0,1.0,True
,2,1.1.4,DC,RCB,1.0,12.0,0.6,9.49,0.7112999999999999,0.59,0.41,0,Loss,0,Loss,True,Unknown,Unknown,-0.301,0.301,No,Strong Overvalued,41.0,71.1,-30.1,28.90000000000001,0.289,Unknown,False,False,1.0,1.0,True
,2,1.1.5,DC,RCB,1.0,11.0,0.55,9.58,0.7112999999999999,0.64,0.36,0,Loss,0,Loss,True,Unknown,Unknown,-0.351,0.351,No,Strong Overvalued,36.0,71.1,-35.1,28.90000000000001,0.289,Unknown,False,False,1.0,1.0,True
,2,1.1.6,DC,RCB,2.0,20.0,1.0,9.61,0.7112999999999999,0.67,0.33,0,Loss,0,Loss,True,Unknown,Unknown,-0.381,0.381,No,Strong Overvalued,33.0,71.1,-38.1,28.90000000000001,0.289,Unknown,False,False,1.0,1.0,True
,1,1.1.1,KKR,KKR,8.0,137.0,6.86,,0.557,0.18,0.82,1,Win,1,Win,True,Unknown,KKR,0.263,0.263,Yes,Strong Value,82.0,55.7,26.3,55.7,0.557,KKR,True,True,1.0,1.0,True
,1,1.1.2,KKR,KKR,12.0,180.0,9.0,,0.557,0.18,0.82,1,Win,1,Win,True,Unknown,KKR,0.263,0.263,Yes,Strong Value,82.0,55.7,26.3,55.7,0.557,KKR,True,True,1.0,1.0,True
,1,1.1.3,KKR,KKR,12.0,160.0,8.0,,0.557,0.2,0.8,1,Win,1,Win,True,Unknown,KKR,0.243,0.243,Yes,Strong Value,80.0,55.7,24.3,55.7,0.557,KKR,True,True,1.0,1.0,True
,1,1.1.4,KKR,KKR,12.0,144.0,7.2,,0.557,0.18,0.82,1,Win,1,Win,True,Unknown,KKR,0.263,0.263,Yes,Strong Value,82.0,55.7,26.3,55.7,0.557,KKR,True,True,1.0,1.0,True
,1,1.1.5,KKR,KKR,12.0,131.0,6.55,,0.557,0.19,0.81,1,Win,1,Win,True,Unknown,KKR,0.253,0.253,Yes,Strong Value,81.0,55.7,25.3,55.7,0.557,KKR,True,True,1.0,1.0,True
,1,1.1.6,KKR,KKR,13.0,130.0,6.5,,0.557,0.19,0.81,1,Win,1,Win,True,Unknown,KKR,0.253,0.253,Yes,Strong Value,81.0,55.7,25.3,55.7,0.557,KKR,True,True,1.0,1.0,True
,2,1.1.1,RCB,KKR,15.0,257.0,12.86,9.88,0.785,0.48,0.52,0,Loss,1,Win,False,Unknown,RCB,-0.265,0.265,No,Strong Overvalued,52.0,78.5,-26.5,21.5,0.215,Unknown,False,False,1.0,1.0,False
,2,1.1.2,RCB,KKR,16.0,240.0,12.0,9.91,0.785,0.49,0.51,0,Loss,1,Win,False,Unknown,RCB,-0.275,0.275,No,Strong Overvalued,51.0,78.5,-27.5,21.5,0.215,Unknown,False,False,1.0,1.0,False
,2,1.1.3,RCB,KKR,17.0,227.0,11.33,9.95,0.785,0.5,0.5,0,Loss,0,Loss,True,Unknown,RCB,-0.285,0.285,No,Strong Overvalued,50.0,78.5,-28.5,21.5,0.215,Unknown,False,False,1.0,1.0,False
,2,1.1.4,RCB,KKR,18.0,216.0,10.8,9.98,0.785,0.53,0.47,0,Loss,0,Loss,True,Unknown,Unknown,-0.315,0.315,No,Strong Overvalued,47.0,78.5,-31.5,21.5,0.215,Unknown,False,False,1.0,1.0,True
,2,1.1.5,RCB,KKR,24.0,262.0,13.09,9.74,0.785,0.44,0.56,0,Loss,1,Win,False,Unknown,RCB,-0.225,0.225,No,Strong Overvalued,56.0,78.5,-22.5,21.5,0.215,Unknown,False,False,1.0,1.0,False
,2,1.1.6,RCB,KKR,30.0,300.0,15.0,9.5,0.785,0.43,0.57,0,Loss,1,Win,False,Unknown,RCB,-0.215,0.215,No,Strong Overvalued,57.0,78.5,-21.5,21.5,0.215,Unknown,False,False,1.0,1.0,False
,1,1.1.1,GT,GT,13.0,223.0,11.14,,0.5069,0.34,0.66,1,Win,1,Win,True,Unknown,GT,0.153,0.153,Yes,Strong Value,66.0,50.7,15.3,50.7,0.507,GT,True,True,1.0,1.0,True
,1,1.1.2,GT,GT,13.0,195.0,9.75,,0.5069,0.35,0.65,1,Win,1,Win,True,Unknown,GT,0.143,0.143,Yes,Strong Value,65.0,50.7,14.3,50.7,0.507,GT,True,True,1.0,1.0,True
,1,1.1.3,GT,GT,13.0,173.0,8.67,,0.5069,0.38,0.62,1,Win,1,Win,True,Unknown,GT,0.113,0.113,Yes,Strong Value,62.0,50.7,11.3,50.7,0.507,GT,True,True,1.0,1.0,True
,1,1.1.4,GT,GT,13.0,156.0,7.8,,0.5069,0.4,0.6,1,Win,1,Win,True,Unknown,GT,0.093,0.093,Yes,Slight Value,60.0,50.7,9.3,50.7,0.507,GT,True,True,1.0,1.0,True
,1,1.1.5,GT,GT,19.0,207.0,10.36,,0.5069,0.33,0.67,1,Win,1,Win,True,Unknown,GT,0.163,0.163,Yes,Strong Value,67.0,50.7,16.3,50.7,0.507,GT,True,True,1.0,1.0,True
,1,1.1.6,GT,GT,23.0,230.0,11.5,,0.5069,0.34,0.66,1,Win,1,Win,True,Unknown,GT,0.153,0.153,Yes,Strong Value,66.0,50.7,15.3,50.7,0.507,GT,True,True,1.0,1.0,True
,2,1.1.1,LSG,GT,4.0,69.0,3.43,11.89,0.949,0.83,0.17,0,Loss,0,Loss,True,Unknown,Unknown,-0.779,0.779,No,Strong Overvalued,17.0,94.9,-77.9,5.099999999999994,0.0509999999999999,Unknown,False,False,1.0,1.0,True
,2,1.1.2,LSG,GT,8.0,120.0,6.0,11.79,0.949,0.83,0.17,0,Loss,0,Loss,True,Unknown,Unknown,-0.779,0.779,No,Strong Overvalued,17.0,94.9,-77.9,5.099999999999994,0.0509999999999999,Unknown,False,False,1.0,1.0,True
,2,1.1.3,LSG,GT,12.0,160.0,8.0,11.68,0.949,0.75,0.25,0,Loss,0,Loss,True,Unknown,Unknown,-0.699,0.699,No,Strong Overvalued,25.0,94.9,-69.9,5.099999999999994,0.0509999999999999,Unknown,False,False,1.0,1.0,True
,2,1.1.4,LSG,GT,16.0,192.0,9.6,11.56,0.949,0.72,0.28,0,Loss,0,Loss,True,Unknown,Unknown,-0.669,0.669,No,Strong Overvalued,28.0,94.9,-66.9,5.099999999999994,0.0509999999999999,Unknown,False,False,1.0,1.0,True
,2,1.1.5,LSG,GT,16.0,175.0,8.73,11.67,0.949,0.7,0.3,0,Loss,0,Loss,True,Unknown,Unknown,-0.649,0.649,No,Strong Overvalued,30.0,94.9,-64.9,5.099999999999994,0.0509999999999999,Unknown,False,False,1.0,1.0,True
,2,1.1.6,LSG,GT,16.0,160.0,8.0,11.78,0.949,0.78,0.22,0,Loss,0,Loss,True,Unknown,Unknown,-0.729,0.729,No,Strong Overvalued,22.0,94.9,-72.9,5.099999999999994,0.0509999999999999,Unknown,False,False,1.0,1.0,True
,1,1.1.1,LSG,LSG,5.0,86.0,4.29,,0.5193,0.75,0.25,1,Win,0,Loss,False,Unknown,Unknown,-0.269,0.269,No,Strong Overvalued,25.0,51.9,-26.9,51.9,0.519,LSG,True,False,1.0,1.0,False
,1,1.1.2,LSG,LSG,5.0,75.0,3.75,,0.5193,0.74,0.26,1,Win,0,Loss,False,Unknown,Unknown,-0.259,0.259,No,Strong Overvalued,26.0,51.9,-25.9,51.9,0.519,LSG,True,False,1.0,1.0,False
,1,1.1.3,LSG,LSG,6.0,80.0,4.0,,0.5193,0.73,0.27,1,Win,0,Loss,False,Unknown,Unknown,-0.249,0.249,No,Strong Overvalued,27.0,51.9,-24.9,51.9,0.519,LSG,True,False,1.0,1.0,False
,1,1.1.4,LSG,LSG,6.0,72.0,3.6,,0.5193,0.73,0.27,1,Win,0,Loss,False,Unknown,Unknown,-0.249,0.249,No,Strong Overvalued,27.0,51.9,-24.9,51.9,0.519,LSG,True,False,1.0,1.0,False
,1,1.1.5,LSG,LSG,6.0,65.0,3.27,,0.5193,0.73,0.27,1,Win,0,Loss,False,Unknown,Unknown,-0.249,0.249,No,Strong Overvalued,27.0,51.9,-24.9,51.9,0.519,LSG,True,False,1.0,1.0,False
,1,1.1.6,LSG,LSG,12.0,120.0,6.0,,0.5193,0.74,0.26,1,Win,0,Loss,False,Unknown,Unknown,-0.259,0.259,No,Strong Overvalued,26.0,51.9,-25.9,51.9,0.519,LSG,True,False,1.0,1.0,False
,2,1.1.1,MI,LSG,7.0,120.0,6.0,9.08,0.586,0.3,0.7,0,Loss,1,Win,False,Unknown,MI,0.114,0.114,Yes,Strong Value,70.0,58.6,11.4,41.4,0.414,Unknown,False,False,1.0,1.0,False
,2,1.1.2,MI,LSG,13.0,195.0,9.75,8.84,0.586,0.24,0.76,0,Loss,1,Win,False,Unknown,MI,0.174,0.174,Yes,Strong Value,76.0,58.6,17.4,41.4,0.414,Unknown,False,False,1.0,1.0,False
,2,1.1.3,MI,LSG,14.0,187.0,9.33,8.86,0.586,0.23,0.77,0,Loss,1,Win,False,Unknown,MI,0.184,0.184,Yes,Strong Value,77.0,58.6,18.4,41.4,0.414,Unknown,False,False,1.0,1.0,False
,2,1.1.4,MI,LSG,15.0,180.0,9.0,8.89,0.586,0.22,0.78,0,Loss,1,Win,False,Unknown,MI,0.194,0.194,Yes,Strong Value,78.0,58.6,19.4,41.4,0.414,Unknown,False,False,1.0,1.0,False
,2,1.1.5,MI,LSG,15.0,164.0,8.18,8.97,0.586,0.22,0.78,0,Loss,1,Win,False,Unknown,MI,0.194,0.194,Yes,Strong Value,78.0,58.6,19.4,41.4,0.414,Unknown,False,False,1.0,1.0,False
,2,1.1.6,MI,LSG,19.0,190.0,9.5,8.83,0.586,0.2,0.8,0,Loss,1,Win,False,Unknown,MI,0.214,0.214,Yes,Strong Value,80.0,58.6,21.4,41.4,0.414,Unknown,False,False,1.0,1.0,False
,2,1.1.6,MI,LSG,20.0,200.0,10.0,8.78,0.586,0.21,0.79,0,Loss,1,Win,False,Unknown,MI,0.204,0.204,Yes,Strong Value,79.0,58.6,20.4,41.4,0.414,Unknown,False,False,1.0,1.0,False
,1,1.1.1,SRH,RCB,2.0,34.0,1.71,,0.5374,0.47,0.53,0,Loss,1,Win,False,Unknown,SRH,-0.007,0.007,No,Neutral,53.0,53.7,-0.7,46.3,0.4629999999999999,Unknown,False,False,1.0,1.0,False
,1,1.1.2,SRH,RCB,2.0,30.0,1.5,,0.5374,0.48,0.52,0,Loss,1,Win,False,Unknown,SRH,-0.017,0.017,No,Neutral,52.0,53.7,-1.7,46.3,0.4629999999999999,Unknown,False,False,1.0,1.0,False
,1,1.1.3,SRH,RCB,3.0,40.0,2.0,,0.5374,0.5,0.5,0,Loss,0,Loss,True,Unknown,SRH,-0.037,0.037,No,Neutral,50.0,53.7,-3.7,46.3,0.4629999999999999,Unknown,False,False,1.0,1.0,False
,1,1.1.4,SRH,RCB,3.0,36.0,1.8,,0.5374,0.5,0.5,0,Loss,0,Loss,True,Unknown,SRH,-0.037,0.037,No,Neutral,50.0,53.7,-3.7,46.3,0.4629999999999999,Unknown,False,False,1.0,1.0,False
,1,1.1.5,SRH,RCB,3.0,33.0,1.64,,0.5374,0.5,0.5,0,Loss,0,Loss,True,Unknown,SRH,-0.037,0.037,No,Neutral,50.0,53.7,-3.7,46.3,0.4629999999999999,Unknown,False,False,1.0,1.0,False
,1,1.1.6,SRH,RCB,7.0,70.0,3.5,,0.5374,0.49,0.51,0,Loss,1,Win,False,Unknown,SRH,-0.027,0.027,No,Neutral,51.0,53.7,-2.7,46.3,0.4629999999999999,Unknown,False,False,1.0,1.0,False
,2,1.1.1,RCB,SRH,9.0,154.0,7.71,9.45,0.6678000000000001,0.61,0.39,1,Win,0,Loss,False,Unknown,Unknown,-0.278,0.278,No,Strong Overvalued,39.0,66.8,-27.8,33.2,0.332,Unknown,False,False,1.0,1.0,False
,2,1.1.2,RCB,SRH,13.0,195.0,9.75,9.32,0.6678000000000001,0.57,0.43,1,Win,0,Loss,False,Unknown,Unknown,-0.238,0.238,No,Strong Overvalued,43.0,66.8,-23.8,33.2,0.332,Unknown,False,False,1.0,1.0,False
,2,1.1.3,RCB,SRH,13.0,173.0,8.67,9.41,0.6678000000000001,0.58,0.42,1,Win,0,Loss,False,Unknown,Unknown,-0.248,0.248,No,Strong Overvalued,42.0,66.8,-24.8,33.2,0.332,Unknown,False,False,1.0,1.0,False
,2,1.1.3,RCB,SRH,14.0,187.0,9.33,9.35,0.6678000000000001,0.57,0.43,1,Win,0,Loss,False,Unknown,Unknown,-0.238,0.238,No,Strong Overvalued,43.0,66.8,-23.8,33.2,0.332,Unknown,False,False,1.0,1.0,False
,2,1.1.4,RCB,SRH,18.0,216.0,10.8,9.22,0.6678000000000001,0.56,0.44,1,Win,0,Loss,False,Unknown,Unknown,-0.228,0.228,No,Strong Overvalued,44.0,66.8,-22.8,33.2,0.332,Unknown,False,False,1.0,1.0,False
,2,1.1.5,RCB,SRH,19.0,207.0,10.36,9.25,0.6678000000000001,0.56,0.44,1,Win,0,Loss,False,Unknown,Unknown,-0.228,0.228,No,Strong Overvalued,44.0,66.8,-22.8,33.2,0.332,Unknown,False,False,1.0,1.0,False
,2,1.1.6,RCB,SRH,20.0,200.0,10.0,9.28,0.6678000000000001,0.58,0.42,1,Win,0,Loss,False,Unknown,Unknown,-0.248,0.248,No,Strong Overvalued,42.0,66.8,-24.8,33.2,0.332,Unknown,False,False,1.0,1.0,False
,1,1.1.1,LSG,KKR,1.0,17.0,0.86,,0.5406,0.81,0.19,1,Win,0,Loss,False,Unknown,Unknown,-0.351,0.351,No,Strong Overvalued,19.0,54.1,-35.1,45.9,0.4589999999999999,Unknown,False,False,1.0,1.0,False
,1,1.1.2,LSG,KKR,2.0,30.0,1.5,,0.5406,0.84,0.16,1,Win,0,Loss,False,Unknown,Unknown,-0.381,0.381,No,Strong Overvalued,16.0,54.1,-38.1,45.9,0.4589999999999999,Unknown,False,False,1.0,1.0,False
,1,1.1.3,LSG,KKR,4.0,53.0,2.67,,0.5406,0.86,0.14,1,Win,0,Loss,False,Unknown,Unknown,-0.401,0.401,No,Strong Overvalued,14.0,54.1,-40.1,45.9,0.4589999999999999,Unknown,False,False,1.0,1.0,False
,1,1.1.4,LSG,KKR,5.0,60.0,3.0,,0.5406,0.85,0.15,1,Win,0,Loss,False,Unknown,Unknown,-0.391,0.391,No,Strong Overvalued,15.0,54.1,-39.1,45.9,0.4589999999999999,Unknown,False,False,1.0,1.0,False
,1,1.1.5,LSG,KKR,6.0,65.0,3.27,,0.5406,0.85,0.15,1,Win,0,Loss,False,Unknown,Unknown,-0.391,0.391,No,Strong Overvalued,15.0,54.1,-39.1,45.9,0.4589999999999999,Unknown,False,False,1.0,1.0,False
,1,1.1.6,LSG,KKR,7.0,70.0,3.5,,0.5406,0.85,0.15,1,Win,0,Loss,False,Unknown,Unknown,-0.391,0.391,No,Strong Overvalued,15.0,54.1,-39.1,45.9,0.4589999999999999,Unknown,False,False,1.0,1.0,False
,2,1.1.1,KKR,KKR,15.0,257.0,12.86,8.6,0.5002,0.23,0.77,0,Loss,1,Win,False,Unknown,KKR,0.27,0.27,Yes,Strong Value,77.0,50.0,27.0,50.0,0.5,KKR,True,True,1.0,1.0,False
,2,1.1.2,KKR,KKR,19.0,285.0,14.25,8.46,0.5002,0.2,0.8,0,Loss,1,Win,False,Unknown,KKR,0.3,0.3,Yes,Strong Value,80.0,50.0,30.0,50.0,0.5,KKR,True,True,1.0,1.0,False
,2,1.1.3,KKR,KKR,25.0,333.0,16.67,8.22,0.5002,0.18,0.82,0,Loss,1,Win,False,Unknown,KKR,0.32,0.32,Yes,Strong Value,82.0,50.0,32.0,50.0,0.5,KKR,True,True,1.0,1.0,False
,2,1.1.4,KKR,KKR,29.0,348.0,17.4,8.07,0.5002,0.17,0.83,0,Loss,1,Win,False,Unknown,KKR,0.33,0.33,Yes,Strong Value,83.0,50.0,33.0,50.0,0.5,KKR,True,True,1.0,1.0,False
,2,1.1.5,KKR,KKR,29.0,316.0,15.82,8.15,0.5002,0.18,0.82,0,Loss,1,Win,False,Unknown,KKR,0.32,0.32,Yes,Strong Value,82.0,50.0,32.0,50.0,0.5,KKR,True,True,1.0,1.0,False
,2,1.1.6,KKR,KKR,30.0,300.0,15.0,8.17,0.5002,0.18,0.82,0,Loss,1,Win,False,Unknown,KKR,0.32,0.32,Yes,Strong Value,82.0,50.0,32.0,50.0,0.5,KKR,True,True,1.0,1.0,False
,1,1.1.1,KKR,SRH,4.0,69.0,3.43,,0.5263,0.44,0.56,1,Win,1,Win,True,Unknown,KKR,0.034,0.034,No,Neutral,56.0,52.6,3.4,47.4,0.474,Unknown,False,False,1.0,1.0,True
,1,1.1.2,KKR,SRH,4.0,60.0,3.0,,0.5263,0.44,0.56,1,Win,1,Win,True,Unknown,KKR,0.034,0.034,No,Neutral,56.0,52.6,3.4,47.4,0.474,Unknown,False,False,1.0,1.0,True
,1,1.1.3,KKR,SRH,10.0,133.0,6.67,,0.5263,0.4,0.6,1,Win,1,Win,True,Unknown,KKR,0.074,0.074,Yes,Slight Value,60.0,52.6,7.4,47.4,0.474,Unknown,False,False,1.0,1.0,True
,1,1.1.3,KKR,SRH,11.0,147.0,7.33,,0.5263,0.39,0.61,1,Win,1,Win,True,Unknown,KKR,0.084,0.084,Yes,Slight Value,61.0,52.6,8.4,47.4,0.474,Unknown,False,False,1.0,1.0,True
,1,1.1.4,KKR,SRH,17.0,204.0,10.2,,0.5263,0.19,0.81,1,Win,1,Win,True,Unknown,KKR,0.284,0.284,Yes,Strong Value,81.0,52.6,28.4,47.4,0.474,Unknown,False,False,1.0,1.0,True
,1,1.1.5,KKR,SRH,23.0,251.0,12.55,,0.5263,0.14,0.86,1,Win,1,Win,True,Unknown,KKR,0.334,0.334,Yes,Strong Value,86.0,52.6,33.4,47.4,0.474,Unknown,False,False,1.0,1.0,True
,1,1.1.6,KKR,SRH,23.0,230.0,11.5,,0.5263,0.19,0.81,1,Win,1,Win,True,Unknown,KKR,0.284,0.284,Yes,Strong Value,81.0,52.6,28.4,47.4,0.474,Unknown,False,False,1.0,1.0,True
,2,1.1.1,SRH,KKR,12.0,206.0,10.29,10.46,0.8062999999999999,0.8,0.2,0,Loss,0,Loss,True,Unknown,Unknown,-0.606,0.606,No,Strong Overvalued,20.0,80.6,-60.6,19.40000000000001,0.194,Unknown,False,False,1.0,1.0,True
,2,1.1.2,SRH,KKR,16.0,240.0,12.0,10.34,0.8062999999999999,0.8,0.2,0,Loss,0,Loss,True,Unknown,Unknown,-0.606,0.606,No,Strong Overvalued,20.0,80.6,-60.6,19.40000000000001,0.194,Unknown,False,False,1.0,1.0,True
,2,1.1.3,SRH,KKR,16.0,213.0,10.67,10.43,0.8062999999999999,0.78,0.22,0,Loss,0,Loss,True,Unknown,Unknown,-0.586,0.586,No,Strong Overvalued,22.0,80.6,-58.6,19.40000000000001,0.194,Unknown,False,False,1.0,1.0,True
,2,1.1.4,SRH,KKR,17.0,204.0,10.2,10.47,0.8062999999999999,0.8,0.2,0,Loss,0,Loss,True,Unknown,Unknown,-0.606,0.606,No,Strong Overvalued,20.0,80.6,-60.6,19.40000000000001,0.194,Unknown,False,False,1.0,1.0,True
,2,1.1.5,SRH,KKR,17.0,185.0,9.27,10.57,0.8062999999999999,0.8,0.2,0,Loss,0,Loss,True,Unknown,Unknown,-0.606,0.606,No,Strong Overvalued,20.0,80.6,-60.6,19.40000000000001,0.194,Unknown,False,False,1.0,1.0,True
,2,1.1.6,SRH,KKR,17.0,170.0,8.5,10.67,0.8062999999999999,0.83,0.17,0,Loss,0,Loss,True,Unknown,Unknown,-0.636,0.636,No,Strong Overvalued,17.0,80.6,-63.6,19.40000000000001,0.194,Unknown,False,False,1.0,1.0,True
,1,1.1.1,PBKS,PBKS,7.0,120.0,6.0,,0.5234000000000001,0.77,0.23,0,Loss,0,Loss,True,Unknown,Unknown,-0.293,0.293,No,Strong Overvalued,23.0,52.3,-29.3,52.3,0.523,PBKS,True,False,1.0,1.0,True
,1,1.1.2,PBKS,PBKS,7.0,105.0,5.25,,0.5234000000000001,0.77,0.23,0,Loss,0,Loss,True,Unknown,Unknown,-0.293,0.293,No,Strong Overvalued,23.0,52.3,-29.3,52.3,0.523,PBKS,True,False,1.0,1.0,True
,1,1.1.3,PBKS,PBKS,7.0,93.0,4.67,,0.5234000000000001,0.76,0.24,0,Loss,0,Loss,True,Unknown,Unknown,-0.283,0.283,No,Strong Overvalued,24.0,52.3,-28.3,52.3,0.523,PBKS,True,False,1.0,1.0,True
,1,1.1.4,PBKS,PBKS,7.0,84.0,4.2,,0.5234000000000001,0.74,0.26,0,Loss,0,Loss,True,Unknown,Unknown,-0.263,0.263,No,Strong Overvalued,26.0,52.3,-26.3,52.3,0.523,PBKS,True,False,1.0,1.0,True
,1,1.1.5,PBKS,PBKS,8.0,87.0,4.36,,0.5234000000000001,0.78,0.22,0,Loss,0,Loss,True,Unknown,Unknown,-0.303,0.303,No,Strong Overvalued,22.0,52.3,-30.3,52.3,0.523,PBKS,True,False,1.0,1.0,True
,1,1.1.6,PBKS,PBKS,9.0,90.0,4.5,,0.5234000000000001,0.78,0.22,0,Loss,0,Loss,True,Unknown,Unknown,-0.303,0.303,No,Strong Overvalued,22.0,52.3,-30.3,52.3,0.523,PBKS,True,False,1.0,1.0,True
,2,1.1.1,RCB,RCB,16.0,274.0,13.71,8.34,0.5619,0.22,0.78,1,Win,1,Win,True,Unknown,RCB,0.218,0.218,Yes,Strong Value,78.0,56.2,21.8,56.2,0.562,RCB,True,True,1.0,1.0,True
,2,1.1.2,RCB,RCB,16.0,240.0,12.0,8.41,0.5619,0.25,0.75,1,Win,1,Win,True,Unknown,RCB,0.188,0.188,Yes,Strong Value,75.0,56.2,18.8,56.2,0.562,RCB,True,True,1.0,1.0,True
,2,1.1.3,RCB,RCB,17.0,227.0,11.33,8.43,0.5619,0.24,0.76,1,Win,1,Win,True,Unknown,RCB,0.198,0.198,Yes,Strong Value,76.0,56.2,19.8,56.2,0.562,RCB,True,True,1.0,1.0,True
,2,1.1.4,RCB,RCB,18.0,216.0,10.8,8.45,0.5619,0.29,0.71,1,Win,1,Win,True,Unknown,RCB,0.148,0.148,Yes,Strong Value,71.0,56.2,14.8,56.2,0.562,RCB,True,True,1.0,1.0,True
,2,1.1.4,RCB,RCB,19.0,228.0,11.4,8.4,0.5619,0.24,0.76,1,Win,1,Win,True,Unknown,RCB,0.198,0.198,Yes,Strong Value,76.0,56.2,19.8,56.2,0.562,RCB,True,True,1.0,1.0,True
,2,1.1.5,RCB,RCB,21.0,229.0,11.45,8.37,0.5619,0.24,0.76,1,Win,1,Win,True,Unknown,RCB,0.198,0.198,Yes,Strong Value,76.0,56.2,19.8,56.2,0.562,RCB,True,True,1.0,1.0,True
,2,1.1.6,RCB,RCB,21.0,210.0,10.5,8.44,0.5619,0.28,0.72,1,Win,1,Win,True,Unknown,RCB,0.158,0.158,Yes,Strong Value,72.0,56.2,15.8,56.2,0.562,RCB,True,True,1.0,1.0,True
,1,1.1.1,MI,RR,7.0,120.0,6.0,,0.6625,0.68,0.32,0,Loss,0,Loss,True,Unknown,Unknown,-0.342,0.342,No,Strong Overvalued,32.0,66.2,-34.2,33.8,0.3379999999999999,Unknown,False,False,1.0,1.0,True
,1,1.1.2,MI,RR,7.0,105.0,5.25,,0.6625,0.69,0.31,0,Loss,0,Loss,True,Unknown,Unknown,-0.352,0.352,No,Strong Overvalued,31.0,66.2,-35.2,33.8,0.3379999999999999,Unknown,False,False,1.0,1.0,True
,1,1.1.3,MI,RR,7.0,93.0,4.67,,0.6625,0.69,0.31,0,Loss,0,Loss,True,Unknown,Unknown,-0.352,0.352,No,Strong Overvalued,31.0,66.2,-35.2,33.8,0.3379999999999999,Unknown,False,False,1.0,1.0,True
,1,1.1.4,MI,RR,7.0,84.0,4.2,,0.6625,0.69,0.31,0,Loss,0,Loss,True,Unknown,Unknown,-0.352,0.352,No,Strong Overvalued,31.0,66.2,-35.2,33.8,0.3379999999999999,Unknown,False,False,1.0,1.0,True
,1,1.1.4,MI,RR,8.0,96.0,4.8,,0.6625,0.69,0.31,0,Loss,0,Loss,True,Unknown,Unknown,-0.352,0.352,No,Strong Overvalued,31.0,66.2,-35.2,33.8,0.3379999999999999,Unknown,False,False,1.0,1.0,True
,1,1.1.5,MI,RR,12.0,131.0,6.55,,0.6625,0.67,0.33,0,Loss,0,Loss,True,Unknown,Unknown,-0.332,0.332,No,Strong Overvalued,33.0,66.2,-33.2,33.8,0.3379999999999999,Unknown,False,False,1.0,1.0,True
,1,1.1.6,MI,RR,13.0,130.0,6.5,,0.6625,0.67,0.33,0,Loss,0,Loss,True,Unknown,Unknown,-0.332,0.332,No,Strong Overvalued,33.0,66.2,-33.2,33.8,0.3379999999999999,Unknown,False,False,1.0,1.0,True
,2,1.1.1,RR,RR,11.0,189.0,9.43,6.11,0.8778,0.26,0.74,1,Win,1,Win,True,Unknown,RR,-0.138,0.138,No,Strong Overvalued,74.0,87.8,-13.8,87.8,0.878,RR,True,True,1.0,1.0,True
,2,1.1.1,RR,RR,12.0,206.0,10.29,6.05,0.8778,0.25,0.75,1,Win,1,Win,True,Unknown,RR,-0.128,0.128,No,Strong Overvalued,75.0,87.8,-12.8,87.8,0.878,RR,True,True,1.0,1.0,True
,2,1.1.2,RR,RR,12.0,180.0,9.0,6.11,0.8778,0.22,0.78,1,Win,1,Win,True,Unknown,RR,-0.098,0.098,No,Slight Overvalued,78.0,87.8,-9.8,87.8,0.878,RR,True,True,1.0,1.0,True
,2,1.1.3,RR,RR,12.0,160.0,8.0,6.16,0.8778,0.24,0.76,1,Win,1,Win,True,Unknown,RR,-0.118,0.118,No,Strong Overvalued,76.0,87.8,-11.8,87.8,0.878,RR,True,True,1.0,1.0,True
,2,1.1.4,RR,RR,12.0,144.0,7.2,6.22,0.8778,0.23,0.77,1,Win,1,Win,True,Unknown,RR,-0.108,0.108,No,Strong Overvalued,77.0,87.8,-10.8,87.8,0.878,RR,True,True,1.0,1.0,True
,2,1.1.4,RR,RR,17.0,204.0,10.2,5.95,0.8778,0.18,0.82,1,Win,1,Win,True,Unknown,RR,-0.058,0.058,No,Slight Overvalued,82.0,87.8,-5.8,87.8,0.878,RR,True,True,1.0,1.0,True
,2,1.1.5,RR,RR,17.0,185.0,9.27,6.0,0.8778,0.16,0.84,1,Win,1,Win,True,Unknown,RR,-0.038,0.038,No,Neutral,84.0,87.8,-3.8,87.8,0.878,RR,True,True,1.0,1.0,True
,2,1.1.6,RR,RR,17.0,170.0,8.5,6.06,0.8778,0.2,0.8,1,Win,1,Win,True,Unknown,RR,-0.078,0.078,No,Slight Overvalued,80.0,87.8,-7.8,87.8,0.878,RR,True,True,1.0,1.0,True
,1,1.1.1,MI,MI,11.0,189.0,9.43,,0.5174,0.42,0.58,1,Win,1,Win,True,Unknown,MI,0.063,0.063,Yes,Slight Value,58.0,51.7,6.3,51.7,0.517,MI,True,True,1.0,1.0,True
,1,1.1.1,MI,MI,12.0,206.0,10.29,,0.5174,0.4,0.6,1,Win,1,Win,True,Unknown,MI,0.083,0.083,Yes,Slight Value,60.0,51.7,8.3,51.7,0.517,MI,True,True,1.0,1.0,True
,1,1.1.2,MI,MI,16.0,240.0,12.0,,0.5174,0.32,0.68,1,Win,1,Win,True,Unknown,MI,0.163,0.163,Yes,Strong Value,68.0,51.7,16.3,51.7,0.517,MI,True,True,1.0,1.0,True
,1,1.1.3,MI,MI,16.0,213.0,10.67,,0.5174,0.36,0.64,1,Win,1,Win,True,Unknown,MI,0.123,0.123,Yes,Strong Value,64.0,51.7,12.3,51.7,0.517,MI,True,True,1.0,1.0,True
,1,1.1.3,MI,MI,21.0,280.0,14.0,,0.5174,0.29,0.71,1,Win,1,Win,True,Unknown,MI,0.193,0.193,Yes,Strong Value,71.0,51.7,19.3,51.7,0.517,MI,True,True,1.0,1.0,True
,1,1.1.4,MI,MI,21.0,252.0,12.6,,0.5174,0.3,0.7,1,Win,1,Win,True,Unknown,MI,0.183,0.183,Yes,Strong Value,70.0,51.7,18.3,51.7,0.517,MI,True,True,1.0,1.0,True
,1,1.1.5,MI,MI,21.0,229.0,11.45,,0.5174,0.31,0.69,1,Win,1,Win,True,Unknown,MI,0.173,0.173,Yes,Strong Value,69.0,51.7,17.3,51.7,0.517,MI,True,True,1.0,1.0,True
,1,1.1.6,MI,MI,21.0,210.0,10.5,,0.5174,0.36,0.64,1,Win,1,Win,True,Unknown,MI,0.123,0.123,Yes,Strong Value,64.0,51.7,12.3,51.7,0.517,MI,True,True,1.0,1.0,True
,2,1.1.1,DC,MI,7.0,120.0,6.0,12.11,0.9474,0.65,0.35,0,Loss,0,Loss,True,Unknown,Unknown,-0.597,0.597,No,Strong Overvalued,35.0,94.7,-59.7,5.299999999999997,0.0529999999999999,Unknown,False,False,1.0,1.0,True
,2,1.1.2,DC,MI,7.0,105.0,5.25,12.21,0.9474,0.7,0.3,0,Loss,0,Loss,True,Unknown,Unknown,-0.647,0.647,No,Strong Overvalued,30.0,94.7,-64.7,5.299999999999997,0.0529999999999999,Unknown,False,False,1.0,1.0,True
,2,1.1.3,DC,MI,7.0,93.0,4.67,12.32,0.9474,0.7,0.3,0,Loss,0,Loss,True,Unknown,Unknown,-0.647,0.647,No,Strong Overvalued,30.0,94.7,-64.7,5.299999999999997,0.0529999999999999,Unknown,False,False,1.0,1.0,True
,2,1.1.4,DC,MI,11.0,132.0,6.6,12.22,0.9474,0.7,0.3,0,Loss,0,Loss,True,Unknown,Unknown,-0.647,0.647,No,Strong Overvalued,30.0,94.7,-64.7,5.299999999999997,0.0529999999999999,Unknown,False,False,1.0,1.0,True
,2,1.1.5,DC,MI,11.0,120.0,6.0,12.33,0.9474,0.69,0.31,0,Loss,0,Loss,True,Unknown,Unknown,-0.637,0.637,No,Strong Overvalued,31.0,94.7,-63.7,5.299999999999997,0.0529999999999999,Unknown,False,False,1.0,1.0,True
,2,1.1.6,DC,MI,11.0,110.0,5.5,12.44,0.9474,0.69,0.31,0,Loss,0,Loss,True,Unknown,Unknown,-0.637,0.637,No,Strong Overvalued,31.0,94.7,-63.7,5.299999999999997,0.0529999999999999,Unknown,False,False,1.0,1.0,True
,1,1.1.1,RR,GT,8.0,137.0,6.86,,0.5013000000000001,0.13,0.87,0,Loss,1,Win,False,Unknown,RR,0.369,0.369,Yes,Strong Value,87.0,50.1,36.9,49.9,0.499,Unknown,False,False,1.0,1.0,False
,1,1.1.2,RR,GT,9.0,135.0,6.75,,0.5013000000000001,0.13,0.87,0,Loss,1,Win,False,Unknown,RR,0.369,0.369,Yes,Strong Value,87.0,50.1,36.9,49.9,0.499,Unknown,False,False,1.0,1.0,False
,1,1.1.3,RR,GT,9.0,120.0,6.0,,0.5013000000000001,0.13,0.87,0,Loss,1,Win,False,Unknown,RR,0.369,0.369,Yes,Strong Value,87.0,50.1,36.9,49.9,0.499,Unknown,False,False,1.0,1.0,False
,1,1.1.4,RR,GT,9.0,108.0,5.4,,0.5013000000000001,0.13,0.87,0,Loss,1,Win,False,Unknown,RR,0.369,0.369,Yes,Strong Value,87.0,50.1,36.9,49.9,0.499,Unknown,False,False,1.0,1.0,False
,1,1.1.5,RR,GT,9.0,98.0,4.91,,0.5013000000000001,0.13,0.87,0,Loss,1,Win,False,Unknown,RR,0.369,0.369,Yes,Strong Value,87.0,50.1,36.9,49.9,0.499,Unknown,False,False,1.0,1.0,False
,1,1.1.6,RR,GT,13.0,130.0,6.5,,0.5013000000000001,0.14,0.86,0,Loss,1,Win,False,Unknown,RR,0.359,0.359,Yes,Strong Value,86.0,50.1,35.9,49.9,0.499,Unknown,False,False,1.0,1.0,False
,2,1.1.1,GT,RR,6.0,103.0,5.14,10.14,0.8057,0.74,0.26,1,Win,0,Loss,False,Unknown,Unknown,-0.546,0.546,No,Strong Overvalued,26.0,80.6,-54.6,19.40000000000001,0.194,Unknown,False,False,1.0,1.0,False
,2,1.1.2,GT,RR,6.0,90.0,4.5,10.23,0.8057,0.71,0.29,1,Win,0,Loss,False,Unknown,Unknown,-0.516,0.516,No,Strong Overvalued,29.0,80.6,-51.6,19.40000000000001,0.194,Unknown,False,False,1.0,1.0,False
,2,1.1.3,GT,RR,7.0,93.0,4.67,10.27,0.8057,0.72,0.28,1,Win,0,Loss,False,Unknown,Unknown,-0.526,0.526,No,Strong Overvalued,28.0,80.6,-52.6,19.40000000000001,0.194,Unknown,False,False,1.0,1.0,False
,2,1.1.4,GT,RR,9.0,108.0,5.4,10.25,0.8057,0.7,0.3,1,Win,0,Loss,False,Unknown,Unknown,-0.506,0.506,No,Strong Overvalued,30.0,80.6,-50.6,19.40000000000001,0.194,Unknown,False,False,1.0,1.0,False
,2,1.1.5,GT,RR,15.0,164.0,8.18,10.02,0.8057,0.65,0.35,1,Win,0,Loss,False,Unknown,Unknown,-0.456,0.456,No,Strong Overvalued,35.0,80.6,-45.6,19.40000000000001,0.194,Unknown,False,False,1.0,1.0,False
,2,1.1.6,GT,RR,15.0,150.0,7.5,10.11,0.8057,0.68,0.32,1,Win,0,Loss,False,Unknown,Unknown,-0.486,0.486,No,Strong Overvalued,32.0,80.6,-48.6,19.40000000000001,0.194,Unknown,False,False,1.0,1.0,False
,1,1.1.1,CSK,LSG,5.0,86.0,4.29,,0.5335,0.46,0.54,0,Loss,1,Win,False,Unknown,CSK,0.007,0.007,No,Neutral,54.0,53.4,0.7,46.6,0.466,Unknown,False,False,1.0,1.0,False
,1,1.1.2,CSK,LSG,9.0,135.0,6.75,,0.5335,0.41,0.59,0,Loss,1,Win,False,Unknown,CSK,0.056,0.056,Yes,Slight Value,59.0,53.4,5.6,46.6,0.466,Unknown,False,False,1.0,1.0,False
,1,1.1.3,CSK,LSG,10.0,133.0,6.67,,0.5335,0.41,0.59,0,Loss,1,Win,False,Unknown,CSK,0.056,0.056,Yes,Slight Value,59.0,53.4,5.6,46.6,0.466,Unknown,False,False,1.0,1.0,False
,1,1.1.4,CSK,LSG,14.0,168.0,8.4,,0.5335,0.42,0.58,0,Loss,1,Win,False,Unknown,CSK,0.046,0.046,No,Neutral,58.0,53.4,4.6,46.6,0.466,Unknown,False,False,1.0,1.0,False
,1,1.1.5,CSK,LSG,18.0,196.0,9.82,,0.5335,0.28,0.72,0,Loss,1,Win,False,Unknown,CSK,0.186,0.186,Yes,Strong Value,72.0,53.4,18.6,46.6,0.466,Unknown,False,False,1.0,1.0,False
,1,1.1.6,CSK,LSG,20.0,200.0,10.0,,0.5335,0.26,0.74,0,Loss,1,Win,False,Unknown,CSK,0.207,0.207,Yes,Strong Value,74.0,53.4,20.7,46.6,0.466,Unknown,False,False,1.0,1.0,False
,2,1.1.1,LSG,CSK,2.0,34.0,1.71,11.1,0.9195,0.86,0.14,1,Win,0,Loss,False,Unknown,Unknown,-0.78,0.78,No,Strong Overvalued,14.0,92.0,-78.0,8.0,0.08,Unknown,False,False,1.0,1.0,False
,2,1.1.2,LSG,CSK,4.0,60.0,3.0,11.09,0.9195,0.88,0.12,1,Win,0,Loss,False,Unknown,Unknown,-0.8,0.8,No,Strong Overvalued,12.0,92.0,-80.0,8.0,0.08,Unknown,False,False,1.0,1.0,False
,2,1.1.3,LSG,CSK,4.0,53.0,2.67,11.19,0.9195,0.88,0.12,1,Win,0,Loss,False,Unknown,Unknown,-0.8,0.8,No,Strong Overvalued,12.0,92.0,-80.0,8.0,0.08,Unknown,False,False,1.0,1.0,False
,2,1.1.4,LSG,CSK,10.0,120.0,6.0,10.96,0.9195,0.86,0.14,1,Win,0,Loss,False,Unknown,Unknown,-0.78,0.78,No,Strong Overvalued,14.0,92.0,-78.0,8.0,0.08,Unknown,False,False,1.0,1.0,False
,2,1.1.5,LSG,CSK,10.0,109.0,5.45,11.06,0.9195,0.85,0.15,1,Win,0,Loss,False,Unknown,Unknown,-0.77,0.77,No,Strong Overvalued,15.0,92.0,-77.0,8.0,0.08,Unknown,False,False,1.0,1.0,False
,2,1.1.6,LSG,CSK,11.0,110.0,5.5,11.11,0.9195,0.85,0.15,1,Win,0,Loss,False,Unknown,Unknown,-0.77,0.77,No,Strong Overvalued,15.0,92.0,-77.0,8.0,0.08,Unknown,False,False,1.0,1.0,False
,1,1.1.1,DC,DC,10.0,171.0,8.57,,0.5223,0.15,0.85,1,Win,1,Win,True,Unknown,DC,0.328,0.328,Yes,Strong Value,85.0,52.2,32.8,52.2,0.522,DC,True,True,1.0,1.0,True
,1,1.1.2,DC,DC,10.0,150.0,7.5,,0.5223,0.18,0.82,1,Win,1,Win,True,Unknown,DC,0.298,0.298,Yes,Strong Value,82.0,52.2,29.8,52.2,0.522,DC,True,True,1.0,1.0,True
,1,1.1.2,DC,DC,11.0,165.0,8.25,,0.5223,0.16,0.84,1,Win,1,Win,True,Unknown,DC,0.318,0.318,Yes,Strong Value,84.0,52.2,31.8,52.2,0.522,DC,True,True,1.0,1.0,True
,1,1.1.3,DC,DC,11.0,147.0,7.33,,0.5223,0.18,0.82,1,Win,1,Win,True,Unknown,DC,0.298,0.298,Yes,Strong Value,82.0,52.2,29.8,52.2,0.522,DC,True,True,1.0,1.0,True
,1,1.1.4,DC,DC,17.0,204.0,10.2,,0.5223,0.13,0.87,1,Win,1,Win,True,Unknown,DC,0.348,0.348,Yes,Strong Value,87.0,52.2,34.8,52.2,0.522,DC,True,True,1.0,1.0,True
,1,1.1.5,DC,DC,21.0,229.0,11.45,,0.5223,0.1,0.9,1,Win,1,Win,True,Unknown,DC,0.378,0.378,Yes,Strong Value,90.0,52.2,37.8,52.2,0.522,DC,True,True,1.0,1.0,True
,1,1.1.6,DC,DC,22.0,220.0,11.0,,0.5223,0.13,0.87,1,Win,1,Win,True,Unknown,DC,0.348,0.348,Yes,Strong Value,87.0,52.2,34.8,52.2,0.522,DC,True,True,1.0,1.0,True
,2,1.1.1,GT,DC,13.0,223.0,11.14,11.26,0.909,0.67,0.33,0,Loss,0,Loss,True,Unknown,Unknown,-0.579,0.579,No,Strong Overvalued,33.0,90.9,-57.9,9.099999999999994,0.0909999999999999,Unknown,False,False,1.0,1.0,True
,2,1.1.2,GT,DC,13.0,195.0,9.75,11.36,0.909,0.71,0.29,0,Loss,0,Loss,True,Unknown,Unknown,-0.619,0.619,No,Strong Overvalued,29.0,90.9,-61.9,9.099999999999994,0.0909999999999999,Unknown,False,False,1.0,1.0,True
,2,1.1.3,GT,DC,13.0,173.0,8.67,11.46,0.909,0.66,0.34,0,Loss,0,Loss,True,Unknown,Unknown,-0.569,0.569,No,Strong Overvalued,34.0,90.9,-56.9,9.099999999999994,0.0909999999999999,Unknown,False,False,1.0,1.0,True
,2,1.1.4,GT,DC,19.0,228.0,11.4,11.24,0.909,0.64,0.36,0,Loss,0,Loss,True,Unknown,Unknown,-0.549,0.549,No,Strong Overvalued,36.0,90.9,-54.9,9.099999999999994,0.0909999999999999,Unknown,False,False,1.0,1.0,True
,2,1.1.5,GT,DC,20.0,218.0,10.91,11.28,0.909,0.67,0.33,0,Loss,0,Loss,True,Unknown,Unknown,-0.579,0.579,No,Strong Overvalued,33.0,90.9,-57.9,9.099999999999994,0.0909999999999999,Unknown,False,False,1.0,1.0,True
,2,1.1.6,GT,DC,24.0,240.0,12.0,11.17,0.909,0.64,0.36,0,Loss,0,Loss,True,Unknown,Unknown,-0.549,0.549,No,Strong Overvalued,36.0,90.9,-54.9,9.099999999999994,0.0909999999999999,Unknown,False,False,1.0,1.0,True
,1,1.1.1,RCB,RCB,14.0,240.0,12.0,,0.5452,0.48,0.52,1,Win,1,Win,True,Unknown,RCB,-0.025,0.025,No,Neutral,52.0,54.5,-2.5,54.5,0.545,RCB,True,True,1.0,1.0,True
,1,1.1.2,RCB,RCB,15.0,225.0,11.25,,0.5452,0.51,0.49,1,Win,0,Loss,False,Unknown,Unknown,-0.055,0.055,No,Slight Overvalued,49.0,54.5,-5.5,54.5,0.545,RCB,True,False,1.0,1.0,False
,1,1.1.3,RCB,RCB,15.0,200.0,10.0,,0.5452,0.56,0.44,1,Win,0,Loss,False,Unknown,Unknown,-0.105,0.105,No,Strong Overvalued,44.0,54.5,-10.5,54.5,0.545,RCB,True,False,1.0,1.0,False
,1,1.1.4,RCB,RCB,16.0,192.0,9.6,,0.5452,0.55,0.45,1,Win,0,Loss,False,Unknown,Unknown,-0.095,0.095,No,Slight Overvalued,45.0,54.5,-9.5,54.5,0.545,RCB,True,False,1.0,1.0,False
,1,1.1.5,RCB,RCB,20.0,218.0,10.91,,0.5452,0.54,0.46,1,Win,0,Loss,False,Unknown,Unknown,-0.085,0.085,No,Slight Overvalued,46.0,54.5,-8.5,54.5,0.545,RCB,True,False,1.0,1.0,False
,1,1.1.6,RCB,RCB,24.0,240.0,12.0,,0.5452,0.49,0.51,1,Win,1,Win,True,Unknown,RCB,-0.035,0.035,No,Neutral,51.0,54.5,-3.5,54.5,0.545,RCB,True,True,1.0,1.0,True
,2,1.1.1,SRH,RCB,4.0,69.0,3.43,10.78,0.823,0.54,0.46,0,Loss,0,Loss,True,Unknown,Unknown,-0.363,0.363,No,Strong Overvalued,46.0,82.3,-36.3,17.700000000000003,0.177,Unknown,False,False,1.0,1.0,True
,2,1.1.2,SRH,RCB,4.0,60.0,3.0,10.88,0.823,0.53,0.47,0,Loss,0,Loss,True,Unknown,Unknown,-0.353,0.353,No,Strong Overvalued,47.0,82.3,-35.3,17.700000000000003,0.177,Unknown,False,False,1.0,1.0,True
,2,1.1.3,SRH,RCB,5.0,67.0,3.33,10.92,0.823,0.54,0.46,0,Loss,0,Loss,True,Unknown,Unknown,-0.363,0.363,No,Strong Overvalued,46.0,82.3,-36.3,17.700000000000003,0.177,Unknown,False,False,1.0,1.0,True
,2,1.1.4,SRH,RCB,9.0,108.0,5.4,10.8,0.823,0.52,0.48,0,Loss,0,Loss,True,Unknown,Unknown,-0.343,0.343,No,Strong Overvalued,48.0,82.3,-34.3,17.700000000000003,0.177,Unknown,False,False,1.0,1.0,True
,2,1.1.4,SRH,RCB,10.0,120.0,6.0,10.75,0.823,0.53,0.47,0,Loss,0,Loss,True,Unknown,Unknown,-0.353,0.353,No,Strong Overvalued,47.0,82.3,-35.3,17.700000000000003,0.177,Unknown,False,False,1.0,1.0,True
,2,1.1.5,SRH,RCB,11.0,120.0,6.0,10.79,0.823,0.54,0.46,0,Loss,0,Loss,True,Unknown,Unknown,-0.363,0.363,No,Strong Overvalued,46.0,82.3,-36.3,17.700000000000003,0.177,Unknown,False,False,1.0,1.0,True
,2,1.1.6,SRH,RCB,11.0,110.0,5.5,10.89,0.823,0.56,0.44,0,Loss,0,Loss,True,Unknown,Unknown,-0.383,0.383,No,Strong Overvalued,44.0,82.3,-38.3,17.700000000000003,0.177,Unknown,False,False,1.0,1.0,True
,1,1.1.1,CSK,SRH,5.0,86.0,4.29,,0.5379,0.71,0.29,1,Win,0,Loss,False,Unknown,Unknown,-0.248,0.248,No,Strong Overvalued,29.0,53.8,-24.8,46.2,0.462,Unknown,False,False,1.0,1.0,False
,1,1.1.1,CSK,SRH,6.0,103.0,5.14,,0.5379,0.73,0.27,1,Win,0,Loss,False,Unknown,Unknown,-0.268,0.268,No,Strong Overvalued,27.0,53.8,-26.8,46.2,0.462,Unknown,False,False,1.0,1.0,False
,1,1.1.2,CSK,SRH,7.0,105.0,5.25,,0.5379,0.71,0.29,1,Win,0,Loss,False,Unknown,Unknown,-0.248,0.248,No,Strong Overvalued,29.0,53.8,-24.8,46.2,0.462,Unknown,False,False,1.0,1.0,False
,1,1.1.3,CSK,SRH,8.0,107.0,5.33,,0.5379,0.71,0.29,1,Win,0,Loss,False,Unknown,Unknown,-0.248,0.248,No,Strong Overvalued,29.0,53.8,-24.8,46.2,0.462,Unknown,False,False,1.0,1.0,False
,1,1.1.4,CSK,SRH,8.0,96.0,4.8,,0.5379,0.71,0.29,1,Win,0,Loss,False,Unknown,Unknown,-0.248,0.248,No,Strong Overvalued,29.0,53.8,-24.8,46.2,0.462,Unknown,False,False,1.0,1.0,False
,1,1.1.5,CSK,SRH,9.0,98.0,4.91,,0.5379,0.72,0.28,1,Win,0,Loss,False,Unknown,Unknown,-0.258,0.258,No,Strong Overvalued,28.0,53.8,-25.8,46.2,0.462,Unknown,False,False,1.0,1.0,False
,1,1.1.6,CSK,SRH,13.0,130.0,6.5,,0.5379,0.73,0.27,1,Win,0,Loss,False,Unknown,Unknown,-0.268,0.268,No,Strong Overvalued,27.0,53.8,-26.8,46.2,0.462,Unknown,False,False,1.0,1.0,False
,2,1.1.1,SRH,CSK,13.0,223.0,11.14,10.62,0.8206,0.7,0.3,0,Loss,0,Loss,True,Unknown,Unknown,-0.521,0.521,No,Strong Overvalued,30.0,82.1,-52.1,17.900000000000006,0.179,Unknown,False,False,1.0,1.0,True
,2,1.1.2,SRH,CSK,14.0,210.0,10.5,10.66,0.8206,0.71,0.29,0,Loss,0,Loss,True,Unknown,Unknown,-0.531,0.531,No,Strong Overvalued,29.0,82.1,-53.1,17.900000000000006,0.179,Unknown,False,False,1.0,1.0,True
,2,1.1.3,SRH,CSK,20.0,267.0,13.33,10.43,0.8206,0.65,0.35,0,Loss,0,Loss,True,Unknown,Unknown,-0.471,0.471,No,Strong Overvalued,35.0,82.1,-47.1,17.900000000000006,0.179,Unknown,False,False,1.0,1.0,True
,2,1.1.4,SRH,CSK,21.0,252.0,12.6,10.47,0.8206,0.66,0.34,0,Loss,0,Loss,True,Unknown,Unknown,-0.481,0.481,No,Strong Overvalued,34.0,82.1,-48.1,17.900000000000006,0.179,Unknown,False,False,1.0,1.0,True
,2,1.1.5,SRH,CSK,21.0,229.0,11.45,10.57,0.8206,0.74,0.26,0,Loss,0,Loss,True,Unknown,Unknown,-0.561,0.561,No,Strong Overvalued,26.0,82.1,-56.1,17.900000000000006,0.179,Unknown,False,False,1.0,1.0,True
,2,1.1.6,SRH,CSK,21.0,210.0,10.5,10.67,0.8206,0.83,0.17,0,Loss,0,Loss,True,Unknown,Unknown,-0.651,0.651,No,Strong Overvalued,17.0,82.1,-65.1,17.900000000000006,0.179,Unknown,False,False,1.0,1.0,True
,1,1.1.1,DC,DC,16.0,274.0,13.71,,0.6609999999999999,0.62,0.38,0,Loss,0,Loss,True,Unknown,Unknown,-0.281,0.281,No,Strong Overvalued,38.0,66.1,-28.1,66.1,0.6609999999999999,DC,True,False,1.0,1.0,True
,1,1.1.1,DC,DC,17.0,291.0,14.57,,0.6609999999999999,0.61,0.39,0,Loss,0,Loss,True,Unknown,Unknown,-0.271,0.271,No,Strong Overvalued,39.0,66.1,-27.1,66.1,0.6609999999999999,DC,True,False,1.0,1.0,True
,1,1.1.2,DC,DC,17.0,255.0,12.75,,0.6609999999999999,0.62,0.38,0,Loss,0,Loss,True,Unknown,Unknown,-0.281,0.281,No,Strong Overvalued,38.0,66.1,-28.1,66.1,0.6609999999999999,DC,True,False,1.0,1.0,True
,1,1.1.3,DC,DC,17.0,227.0,11.33,,0.6609999999999999,0.63,0.37,0,Loss,0,Loss,True,Unknown,Unknown,-0.291,0.291,No,Strong Overvalued,37.0,66.1,-29.1,66.1,0.6609999999999999,DC,True,False,1.0,1.0,True
,1,1.1.4,DC,DC,17.0,204.0,10.2,,0.6609999999999999,0.68,0.32,0,Loss,0,Loss,True,Unknown,Unknown,-0.341,0.341,No,Strong Overvalued,32.0,66.1,-34.1,66.1,0.6609999999999999,DC,True,False,1.0,1.0,True
,1,1.1.4,DC,DC,18.0,216.0,10.8,,0.6609999999999999,0.69,0.31,0,Loss,0,Loss,True,Unknown,Unknown,-0.351,0.351,No,Strong Overvalued,31.0,66.1,-35.1,66.1,0.6609999999999999,DC,True,False,1.0,1.0,True
,1,1.1.5,DC,DC,18.0,196.0,9.82,,0.6609999999999999,0.67,0.33,0,Loss,0,Loss,True,Unknown,Unknown,-0.331,0.331,No,Strong Overvalued,33.0,66.1,-33.1,66.1,0.6609999999999999,DC,True,False,1.0,1.0,True
,1,1.1.6,DC,DC,18.0,180.0,9.0,,0.6609999999999999,0.63,0.37,0,Loss,0,Loss,True,Unknown,Unknown,-0.291,0.291,No,Strong Overvalued,37.0,66.1,-29.1,66.1,0.6609999999999999,DC,True,False,1.0,1.0,True
,2,1.1.1,KKR,KKR,25.0,429.0,21.43,6.85,0.8656,0.14,0.86,1,Win,1,Win,True,Unknown,KKR,-0.006,0.006,No,Neutral,86.0,86.6,-0.6,86.6,0.866,KKR,True,True,1.0,1.0,True
,2,1.1.2,KKR,KKR,25.0,375.0,18.75,6.91,0.8656,0.14,0.86,1,Win,1,Win,True,Unknown,KKR,-0.006,0.006,No,Neutral,86.0,86.6,-0.6,86.6,0.866,KKR,True,True,1.0,1.0,True
,2,1.1.3,KKR,KKR,25.0,333.0,16.67,6.97,0.8656,0.14,0.86,1,Win,1,Win,True,Unknown,KKR,-0.006,0.006,No,Neutral,86.0,86.6,-0.6,86.6,0.866,KKR,True,True,1.0,1.0,True
,2,1.1.4,KKR,KKR,25.0,300.0,15.0,7.04,0.8656,0.15,0.85,1,Win,1,Win,True,Unknown,KKR,-0.016,0.016,No,Neutral,85.0,86.6,-1.6,86.6,0.866,KKR,True,True,1.0,1.0,True
,2,1.1.5,KKR,KKR,27.0,295.0,14.73,6.99,0.8656,0.14,0.86,1,Win,1,Win,True,Unknown,KKR,-0.006,0.006,No,Neutral,86.0,86.6,-0.6,86.6,0.866,KKR,True,True,1.0,1.0,True
,2,1.1.6,KKR,KKR,27.0,270.0,13.5,7.06,0.8656,0.15,0.85,1,Win,1,Win,True,Unknown,KKR,-0.016,0.016,No,Neutral,85.0,86.6,-1.6,86.6,0.866,KKR,True,True,1.0,1.0,True
,1,1.1.1,MI,LSG,3.0,51.0,2.57,,0.5151,0.44,0.56,0,Loss,1,Win,False,Unknown,MI,0.045,0.045,No,Neutral,56.0,51.5,4.5,48.5,0.485,Unknown,False,False,1.0,1.0,False
,1,1.1.2,MI,LSG,7.0,105.0,5.25,,0.5151,0.44,0.56,0,Loss,1,Win,False,Unknown,MI,0.045,0.045,No,Neutral,56.0,51.5,4.5,48.5,0.485,Unknown,False,False,1.0,1.0,False
,1,1.1.3,MI,LSG,7.0,93.0,4.67,,0.5151,0.59,0.41,0,Loss,0,Loss,True,Unknown,Unknown,-0.105,0.105,No,Strong Overvalued,41.0,51.5,-10.5,48.5,0.485,Unknown,False,False,1.0,1.0,True
,1,1.1.4,MI,LSG,7.0,84.0,4.2,,0.5151,0.25,0.75,0,Loss,1,Win,False,Unknown,MI,0.235,0.235,Yes,Strong Value,75.0,51.5,23.5,48.5,0.485,Unknown,False,False,1.0,1.0,False
,1,1.1.5,MI,LSG,7.0,76.0,3.82,,0.5151,0.25,0.75,0,Loss,1,Win,False,Unknown,MI,0.235,0.235,Yes,Strong Value,75.0,51.5,23.5,48.5,0.485,Unknown,False,False,1.0,1.0,False
,1,1.1.6,MI,LSG,8.0,80.0,4.0,,0.5151,0.25,0.75,0,Loss,1,Win,False,Unknown,MI,0.235,0.235,Yes,Strong Value,75.0,51.5,23.5,48.5,0.485,Unknown,False,False,1.0,1.0,False
,2,1.1.1,LSG,LSG,1.0,17.0,0.86,7.65,0.6807,0.33,0.67,1,Win,1,Win,True,Unknown,LSG,-0.011,0.011,No,Neutral,67.0,68.1,-1.1,68.1,0.6809999999999999,LSG,True,True,1.0,1.0,True
,2,1.1.2,LSG,LSG,1.0,15.0,0.75,7.71,0.6807,0.33,0.67,1,Win,1,Win,True,Unknown,LSG,-0.011,0.011,No,Neutral,67.0,68.1,-1.1,68.1,0.6809999999999999,LSG,True,True,1.0,1.0,True
,2,1.1.3,LSG,LSG,3.0,40.0,2.0,7.68,0.6807,0.35,0.65,1,Win,1,Win,True,Unknown,LSG,-0.031,0.031,No,Neutral,65.0,68.1,-3.1,68.1,0.6809999999999999,LSG,True,True,1.0,1.0,True
,2,1.1.4,LSG,LSG,3.0,36.0,1.8,7.75,0.6807,0.35,0.65,1,Win,1,Win,True,Unknown,LSG,-0.031,0.031,No,Neutral,65.0,68.1,-3.1,68.1,0.6809999999999999,LSG,True,True,1.0,1.0,True
,2,1.1.5,LSG,LSG,4.0,44.0,2.18,7.76,0.6807,0.36,0.64,1,Win,1,Win,True,Unknown,LSG,-0.041,0.041,No,Neutral,64.0,68.1,-4.1,68.1,0.6809999999999999,LSG,True,True,1.0,1.0,True
,2,1.1.6,LSG,LSG,8.0,80.0,4.0,7.61,0.6807,0.36,0.64,1,Win,1,Win,True,Unknown,LSG,-0.041,0.041,No,Neutral,64.0,68.1,-4.1,68.1,0.6809999999999999,LSG,True,True,1.0,1.0,True
,1,1.1.1,RCB,RCB,10.0,171.0,8.57,,0.5686,0.56,0.44,1,Win,0,Loss,False,Unknown,Unknown,-0.129,0.129,No,Strong Overvalued,44.0,56.9,-12.9,56.9,0.569,RCB,True,False,1.0,1.0,False
,1,1.1.2,RCB,RCB,14.0,210.0,10.5,,0.5686,0.54,0.46,1,Win,0,Loss,False,Unknown,Unknown,-0.109,0.109,No,Strong Overvalued,46.0,56.9,-10.9,56.9,0.569,RCB,True,False,1.0,1.0,False
,1,1.1.3,RCB,RCB,15.0,200.0,10.0,,0.5686,0.54,0.46,1,Win,0,Loss,False,Unknown,Unknown,-0.109,0.109,No,Strong Overvalued,46.0,56.9,-10.9,56.9,0.569,RCB,True,False,1.0,1.0,False
,1,1.1.4,RCB,RCB,16.0,192.0,9.6,,0.5686,0.52,0.48,1,Win,0,Loss,False,Unknown,Unknown,-0.089,0.089,No,Slight Overvalued,48.0,56.9,-8.9,56.9,0.569,RCB,True,False,1.0,1.0,False
,1,1.1.5,RCB,RCB,17.0,185.0,9.27,,0.5686,0.53,0.47,1,Win,0,Loss,False,Unknown,Unknown,-0.099,0.099,No,Slight Overvalued,47.0,56.9,-9.9,56.9,0.569,RCB,True,False,1.0,1.0,False
,1,1.1.6,RCB,RCB,23.0,230.0,11.5,,0.5686,0.37,0.63,1,Win,1,Win,True,Unknown,RCB,0.061,0.061,Yes,Slight Value,63.0,56.9,6.1,56.9,0.569,RCB,True,True,1.0,1.0,True
,2,1.1.1,DC,RCB,10.0,171.0,8.57,9.45,0.6104999999999999,0.48,0.52,0,Loss,1,Win,False,Unknown,DC,-0.09,0.09,No,Slight Overvalued,52.0,61.0,-9.0,39.0,0.39,Unknown,False,False,1.0,1.0,False
,2,1.1.2,DC,RCB,10.0,150.0,7.5,9.54,0.6104999999999999,0.54,0.46,0,Loss,0,Loss,True,Unknown,Unknown,-0.15,0.15,No,Strong Overvalued,46.0,61.0,-15.0,39.0,0.39,Unknown,False,False,1.0,1.0,True
,2,1.1.3,DC,RCB,16.0,213.0,10.67,9.3,0.6104999999999999,0.42,0.58,0,Loss,1,Win,False,Unknown,DC,-0.03,0.03,No,Neutral,58.0,61.0,-3.0,39.0,0.39,Unknown,False,False,1.0,1.0,False
,2,1.1.4,DC,RCB,16.0,192.0,9.6,9.38,0.6104999999999999,0.4,0.6,0,Loss,1,Win,False,Unknown,DC,-0.01,0.01,No,Neutral,60.0,61.0,-1.0,39.0,0.39,Unknown,False,False,1.0,1.0,False
,2,1.1.5,DC,RCB,20.0,218.0,10.91,9.25,0.6104999999999999,0.42,0.58,0,Loss,1,Win,False,Unknown,DC,-0.03,0.03,No,Neutral,58.0,61.0,-3.0,39.0,0.39,Unknown,False,False,1.0,1.0,False
,2,1.1.6,DC,RCB,24.0,240.0,12.0,9.11,0.6104999999999999,0.37,0.63,0,Loss,1,Win,False,Unknown,DC,0.02,0.02,No,Neutral,63.0,61.0,2.0,39.0,0.39,Unknown,False,False,1.0,1.0,False
,1,1.1.1,RR,RR,10.0,171.0,8.57,,0.5172,0.46,0.54,0,Loss,1,Win,False,Unknown,RR,0.023,0.023,No,Neutral,54.0,51.7,2.3,51.7,0.517,RR,True,True,1.0,1.0,False
,1,1.1.2,RR,RR,10.0,150.0,7.5,,0.5172,0.47,0.53,0,Loss,1,Win,False,Unknown,RR,0.013,0.013,No,Neutral,53.0,51.7,1.3,51.7,0.517,RR,True,True,1.0,1.0,False
,1,1.1.3,RR,RR,10.0,133.0,6.67,,0.5172,0.46,0.54,0,Loss,1,Win,False,Unknown,RR,0.023,0.023,No,Neutral,54.0,51.7,2.3,51.7,0.517,RR,True,True,1.0,1.0,False
,1,1.1.4,RR,RR,11.0,132.0,6.6,,0.5172,0.45,0.55,0,Loss,1,Win,False,Unknown,RR,0.033,0.033,No,Neutral,55.0,51.7,3.3,51.7,0.517,RR,True,True,1.0,1.0,False
,1,1.1.5,RR,RR,11.0,120.0,6.0,,0.5172,0.46,0.54,0,Loss,1,Win,False,Unknown,RR,0.023,0.023,No,Neutral,54.0,51.7,2.3,51.7,0.517,RR,True,True,1.0,1.0,False
,1,1.1.6,RR,RR,15.0,150.0,7.5,,0.5172,0.45,0.55,0,Loss,1,Win,False,Unknown,RR,0.033,0.033,No,Neutral,55.0,51.7,3.3,51.7,0.517,RR,True,True,1.0,1.0,False
,2,1.1.1,PBKS,PBKS,6.0,103.0,5.14,7.38,0.7304,0.51,0.49,1,Win,0,Loss,False,Unknown,Unknown,-0.24,0.24,No,Strong Overvalued,49.0,73.0,-24.0,73.0,0.73,PBKS,True,False,1.0,1.0,False
,2,1.1.2,PBKS,PBKS,7.0,105.0,5.25,7.39,0.7304,0.51,0.49,1,Win,0,Loss,False,Unknown,Unknown,-0.24,0.24,No,Strong Overvalued,49.0,73.0,-24.0,73.0,0.73,PBKS,True,False,1.0,1.0,False
,2,1.1.3,PBKS,PBKS,7.0,93.0,4.67,7.46,0.7304,0.51,0.49,1,Win,0,Loss,False,Unknown,Unknown,-0.24,0.24,No,Strong Overvalued,49.0,73.0,-24.0,73.0,0.73,PBKS,True,False,1.0,1.0,False
,2,1.1.4,PBKS,PBKS,9.0,108.0,5.4,7.42,0.7304,0.52,0.48,1,Win,0,Loss,False,Unknown,Unknown,-0.25,0.25,No,Strong Overvalued,48.0,73.0,-25.0,73.0,0.73,PBKS,True,False,1.0,1.0,False
,2,1.1.5,PBKS,PBKS,13.0,142.0,7.09,7.27,0.7304,0.47,0.53,1,Win,1,Win,True,Unknown,PBKS,-0.2,0.2,No,Strong Overvalued,53.0,73.0,-20.0,73.0,0.73,PBKS,True,True,1.0,1.0,True
,2,1.1.6,PBKS,PBKS,13.0,130.0,6.5,7.33,0.7304,0.51,0.49,1,Win,0,Loss,False,Unknown,Unknown,-0.24,0.24,No,Strong Overvalued,49.0,73.0,-24.0,73.0,0.73,PBKS,True,False,1.0,1.0,False
,1,1.1.1,SRH,SRH,13.0,223.0,11.14,,0.5953,0.4,0.6,1,Win,1,Win,True,Unknown,SRH,0.005,0.005,No,Neutral,60.0,59.5,0.5,59.5,0.595,SRH,True,True,1.0,1.0,True
,1,1.1.2,SRH,SRH,14.0,210.0,10.5,,0.5953,0.39,0.61,1,Win,1,Win,True,Unknown,SRH,0.015,0.015,No,Neutral,61.0,59.5,1.5,59.5,0.595,SRH,True,True,1.0,1.0,True
,1,1.1.3,SRH,SRH,16.0,213.0,10.67,,0.5953,0.4,0.6,1,Win,1,Win,True,Unknown,SRH,0.005,0.005,No,Neutral,60.0,59.5,0.5,59.5,0.595,SRH,True,True,1.0,1.0,True
,1,1.1.4,SRH,SRH,17.0,204.0,10.2,,0.5953,0.41,0.59,1,Win,1,Win,True,Unknown,SRH,-0.005,0.005,No,Neutral,59.0,59.5,-0.5,59.5,0.595,SRH,True,True,1.0,1.0,True
,1,1.1.5,SRH,SRH,18.0,196.0,9.82,,0.5953,0.4,0.6,1,Win,1,Win,True,Unknown,SRH,0.005,0.005,No,Neutral,60.0,59.5,0.5,59.5,0.595,SRH,True,True,1.0,1.0,True
,1,1.1.6,SRH,SRH,22.0,220.0,11.0,,0.5953,0.39,0.61,1,Win,1,Win,True,Unknown,SRH,0.015,0.015,No,Neutral,61.0,59.5,1.5,59.5,0.595,SRH,True,True,1.0,1.0,True
,2,1.1.1,RR,RR,9.0,154.0,7.71,8.87,0.5575,0.42,0.58,0,Loss,1,Win,False,Unknown,RR,0.022,0.022,No,Neutral,58.0,55.8,2.2,55.8,0.5579999999999999,RR,True,True,1.0,1.0,False
,2,1.1.2,RR,RR,10.0,150.0,7.5,8.89,0.5575,0.44,0.56,0,Loss,1,Win,False,Unknown,RR,0.003,0.003,No,Neutral,56.0,55.8,0.3,55.8,0.5579999999999999,RR,True,True,1.0,1.0,False
,2,1.1.3,RR,RR,12.0,160.0,8.0,8.86,0.5575,0.38,0.62,0,Loss,1,Win,False,Unknown,RR,0.062,0.062,Yes,Slight Value,62.0,55.8,6.2,55.8,0.5579999999999999,RR,True,True,1.0,1.0,False
,2,1.1.4,RR,RR,12.0,144.0,7.2,8.95,0.5575,0.45,0.55,0,Loss,1,Win,False,Unknown,RR,-0.007,0.007,No,Neutral,55.0,55.8,-0.7,55.8,0.5579999999999999,RR,True,True,1.0,1.0,False
,2,1.1.5,RR,RR,12.0,131.0,6.55,9.03,0.5575,0.48,0.52,0,Loss,1,Win,False,Unknown,RR,-0.037,0.037,No,Neutral,52.0,55.8,-3.7,55.8,0.5579999999999999,RR,True,True,1.0,1.0,False
,2,1.1.6,RR,RR,13.0,130.0,6.5,9.06,0.5575,0.48,0.52,0,Loss,1,Win,False,Unknown,RR,-0.037,0.037,No,Neutral,52.0,55.8,-3.7,55.8,0.5579999999999999,RR,True,True,1.0,1.0,False
