match_id,innings_num,batting_team,over_number,ball_number,runs_scored,boundaries,dot_balls,wickets,extras,favored_team,win_percentage,striker_batsman,winner,toss_winner,toss_decision,batsman1_name,batsman1_runs,batsman1_balls_faced,batsman1_fours,batsman1_sixes,batsman2_name,batsman2_runs,batsman2_balls_faced,batsman2_fours,batsman2_sixes,bowler1_name,bowler1_overs_bowled,bowler1_maidens_bowled,bowler1_runs_conceded,bowler1_wickets_taken,bowler2_name,bowler2_overs_bowled,bowler2_maidens_bowled,bowler2_runs_conceded,bowler2_wickets_taken,venue,matches_played,average_runs_per_wicket,average_runs_per_over,batsman1_historical_average,batsman1_historical_strike_rate,batsman2_historical_average,batsman2_historical_strike_rate,bowler1_historical_average,bowler1_historical_economy,bowler1_historical_strike_rate,bowler2_historical_average,bowler2_historical_economy,bowler2_historical_strike_rate
1359507,1.0,CSK,0,0.1,4.0,1.0,0.0,0.0,0.0,,,Gaikwad,CSK,Kolkata Knight Riders,field first,Ruturaj Gaikwad,4.0,1.0,1.0,0.0,,0.0,0.0,0.0,0.0,Umesh Yadav,0.0,0.0,4.0,0.0,,0.0,0.0,0.0,0.0,,,,,41.75,136.86,0.0,0.0,29.97,8.49,21.1,0.0,0.0,0.0
1359507,1.0,CSK,0,0.2,0.0,0.0,1.0,0.0,0.0,,,Gaikwad,CSK,Kolkata Knight Riders,field first,Ruturaj Gaikwad,4.0,2.0,1.0,0.0,,0.0,0.0,0.0,0.0,Umesh Yadav,0.0,0.0,4.0,0.0,,0.0,0.0,0.0,0.0,,,,,41.75,136.86,0.0,0.0,29.97,8.49,21.1,0.0,0.0,0.0
1359507,1.0,CSK,0,0.3,0.0,0.0,1.0,0.0,0.0,,,Gaikwad,CSK,Kolkata Knight Riders,field first,Ruturaj Gaikwad,4.0,3.0,1.0,0.0,,0.0,0.0,0.0,0.0,Umesh Yadav,0.0,0.0,4.0,0.0,,0.0,0.0,0.0,0.0,,,,,41.75,136.86,0.0,0.0,29.97,8.49,21.1,0.0,0.0,0.0
1359507,1.0,CSK,0,0.4,0.0,0.0,1.0,0.0,0.0,,,Gaikwad,CSK,Kolkata Knight Riders,field first,Ruturaj Gaikwad,4.0,4.0,1.0,0.0,,0.0,0.0,0.0,0.0,Umesh Yadav,0.0,0.0,4.0,0.0,,0.0,0.0,0.0,0.0,,,,,41.75,136.86,0.0,0.0,29.97,8.49,21.1,0.0,0.0,0.0
1359507,1.0,CSK,0,0.5,1.0,0.0,0.0,0.0,0.0,,,Gaikwad,CSK,Kolkata Knight Riders,field first,Ruturaj Gaikwad,5.0,5.0,1.0,0.0,,0.0,0.0,0.0,0.0,Umesh Yadav,0.0,0.0,5.0,0.0,,0.0,0.0,0.0,0.0,,,,,41.75,136.86,0.0,0.0,29.97,8.49,21.1,0.0,0.0,0.0
1359507,1.0,CSK,0,0.6,0.0,0.0,1.0,0.0,0.0,,,Conway,CSK,Kolkata Knight Riders,field first,Ruturaj Gaikwad,5.0,5.0,1.0,0.0,Devon Conway,0.0,1.0,0.0,0.0,Umesh Yadav,1.0,0.0,5.0,0.0,,0.0,0.0,0.0,0.0,,,,,41.75,136.86,48.63,141.28,29.97,8.49,21.1,0.0,0.0,0.0
1359507,1.0,CSK,1,1.1,1.0,0.0,0.0,0.0,0.0,KKR,63.68,Gaikwad,CSK,Kolkata Knight Riders,field first,Ruturaj Gaikwad,6.0,6.0,1.0,0.0,Devon Conway,0.0,1.0,0.0,0.0,David Wiese,0.0,0.0,1.0,0.0,Umesh Yadav,1.0,0.0,5.0,0.0,"Eden Gardens, Kolkata",158.0,25.26,8.14,41.75,136.86,48.63,141.28,27.5,8.91,18.5,29.97,8.49,21.1
1359507,1.0,CSK,1,1.2,0.0,0.0,1.0,0.0,0.0,KKR,63.68,Conway,CSK,Kolkata Knight Riders,field first,Ruturaj Gaikwad,6.0,6.0,1.0,0.0,Devon Conway,0.0,2.0,0.0,0.0,David Wiese,0.0,0.0,1.0,0.0,Umesh Yadav,1.0,0.0,5.0,0.0,"Eden Gardens, Kolkata",158.0,25.26,8.14,41.75,136.86,48.63,141.28,27.5,8.91,18.5,29.97,8.49,21.1
1359507,1.0,CSK,1,1.3,1.0,0.0,0.0,0.0,0.0,KKR,63.68,Conway,CSK,Kolkata Knight Riders,field first,Ruturaj Gaikwad,6.0,6.0,1.0,0.0,Devon Conway,1.0,3.0,0.0,0.0,David Wiese,0.0,0.0,2.0,0.0,Umesh Yadav,1.0,0.0,5.0,0.0,"Eden Gardens, Kolkata",158.0,25.26,8.14,41.75,136.86,48.63,141.28,27.5,8.91,18.5,29.97,8.49,21.1
1359507,1.0,CSK,1,1.4,1.0,0.0,0.0,0.0,0.0,KKR,63.68,Gaikwad,CSK,Kolkata Knight Riders,field first,Ruturaj Gaikwad,7.0,7.0,1.0,0.0,Devon Conway,1.0,3.0,0.0,0.0,David Wiese,0.0,0.0,3.0,0.0,Umesh Yadav,1.0,0.0,5.0,0.0,"Eden Gardens, Kolkata",158.0,25.26,8.14,41.75,136.86,48.63,141.28,27.5,8.91,18.5,29.97,8.49,21.1
1359507,1.0,CSK,1,1.5,6.0,1.0,0.0,0.0,0.0,KKR,63.68,Conway,CSK,Kolkata Knight Riders,field first,Ruturaj Gaikwad,7.0,7.0,1.0,0.0,Devon Conway,7.0,4.0,0.0,1.0,David Wiese,0.0,0.0,9.0,0.0,Umesh Yadav,1.0,0.0,5.0,0.0,"Eden Gardens, Kolkata",158.0,25.26,8.14,41.75,136.86,48.63,141.28,27.5,8.91,18.5,29.97,8.49,21.1
1359507,1.0,CSK,1,1.6,0.0,0.0,1.0,0.0,0.0,KKR,63.68,Conway,CSK,Kolkata Knight Riders,field first,Ruturaj Gaikwad,7.0,7.0,1.0,0.0,Devon Conway,7.0,5.0,0.0,1.0,David Wiese,1.0,0.0,9.0,0.0,Umesh Yadav,1.0,0.0,5.0,0.0,"Eden Gardens, Kolkata",158.0,25.26,8.14,41.75,136.86,48.63,141.28,27.5,8.91,18.5,29.97,8.49,21.1
1359507,1.0,CSK,2,2.1,1.0,0.0,0.0,0.0,0.0,KKR,60.48,Gaikwad,CSK,Kolkata Knight Riders,field first,Ruturaj Gaikwad,8.0,8.0,1.0,0.0,Devon Conway,7.0,5.0,0.0,1.0,Umesh Yadav,1.0,0.0,6.0,0.0,David Wiese,1.0,0.0,9.0,0.0,"Eden Gardens, Kolkata",158.0,25.26,8.14,41.75,136.86,48.63,141.28,29.97,8.49,21.1,27.5,8.91,18.5
1359507,1.0,CSK,2,2.2,0.0,0.0,1.0,0.0,0.0,KKR,60.48,Conway,CSK,Kolkata Knight Riders,field first,Ruturaj Gaikwad,8.0,8.0,1.0,0.0,Devon Conway,7.0,6.0,0.0,1.0,Umesh Yadav,1.0,0.0,6.0,0.0,David Wiese,1.0,0.0,9.0,0.0,"Eden Gardens, Kolkata",158.0,25.26,8.14,41.75,136.86,48.63,141.28,29.97,8.49,21.1,27.5,8.91,18.5
1359507,1.0,CSK,2,2.3,0.0,0.0,1.0,0.0,0.0,KKR,60.48,Conway,CSK,Kolkata Knight Riders,field first,Ruturaj Gaikwad,8.0,8.0,1.0,0.0,Devon Conway,7.0,7.0,0.0,1.0,Umesh Yadav,1.0,0.0,6.0,0.0,David Wiese,1.0,0.0,9.0,0.0,"Eden Gardens, Kolkata",158.0,25.26,8.14,41.75,136.86,48.63,141.28,29.97,8.49,21.1,27.5,8.91,18.5
1359507,1.0,CSK,2,2.4,1.0,0.0,0.0,0.0,0.0,KKR,60.48,Conway,CSK,Kolkata Knight Riders,field first,Ruturaj Gaikwad,8.0,8.0,1.0,0.0,Devon Conway,8.0,8.0,0.0,1.0,Umesh Yadav,1.0,0.0,7.0,0.0,David Wiese,1.0,0.0,9.0,0.0,"Eden Gardens, Kolkata",158.0,25.26,8.14,41.75,136.86,48.63,141.28,29.97,8.49,21.1,27.5,8.91,18.5
1359507,1.0,CSK,2,2.5,0.0,0.0,1.0,0.0,0.0,KKR,60.48,Gaikwad,CSK,Kolkata Knight Riders,field first,Ruturaj Gaikwad,8.0,9.0,1.0,0.0,Devon Conway,8.0,8.0,0.0,1.0,Umesh Yadav,1.0,0.0,7.0,0.0,David Wiese,1.0,0.0,9.0,0.0,"Eden Gardens, Kolkata",158.0,25.26,8.14,41.75,136.86,48.63,141.28,29.97,8.49,21.1,27.5,8.91,18.5
1359507,1.0,CSK,2,2.6,6.0,1.0,0.0,0.0,0.0,KKR,60.48,Gaikwad,CSK,Kolkata Knight Riders,field first,Ruturaj Gaikwad,14.0,10.0,1.0,1.0,Devon Conway,8.0,8.0,0.0,1.0,Umesh Yadav,2.0,0.0,13.0,0.0,David Wiese,1.0,0.0,9.0,0.0,"Eden Gardens, Kolkata",158.0,25.26,8.14,41.75,136.86,48.63,141.28,29.97,8.49,21.1,27.5,8.91,18.5
1359507,1.0,CSK,3,3.1,0.0,0.0,1.0,0.0,0.0,KKR,63.68,Conway,CSK,Kolkata Knight Riders,field first,Ruturaj Gaikwad,14.0,10.0,1.0,1.0,Devon Conway,8.0,9.0,0.0,1.0,Varun Chakravarthy,0.0,0.0,0.0,0.0,Umesh Yadav,2.0,0.0,13.0,0.0,"Eden Gardens, Kolkata",158.0,25.26,8.14,41.75,136.86,48.63,141.28,24.12,7.56,19.1,29.97,8.49,21.1
1359507,1.0,CSK,3,3.2,0.0,0.0,1.0,0.0,0.0,KKR,63.68,Conway,CSK,Kolkata Knight Riders,field first,Ruturaj Gaikwad,14.0,10.0,1.0,1.0,Devon Conway,8.0,10.0,0.0,1.0,Varun Chakravarthy,0.0,0.0,0.0,0.0,Umesh Yadav,2.0,0.0,13.0,0.0,"Eden Gardens, Kolkata",158.0,25.26,8.14,41.75,136.86,48.63,141.28,24.12,7.56,19.1,29.97,8.49,21.1
1359507,1.0,CSK,3,3.3,0.0,0.0,1.0,0.0,0.0,KKR,63.68,Conway,CSK,Kolkata Knight Riders,field first,Ruturaj Gaikwad,14.0,10.0,1.0,1.0,Devon Conway,8.0,11.0,0.0,1.0,Varun Chakravarthy,0.0,0.0,0.0,0.0,Umesh Yadav,2.0,0.0,13.0,0.0,"Eden Gardens, Kolkata",158.0,25.26,8.14,41.75,136.86,48.63,141.28,24.12,7.56,19.1,29.97,8.49,21.1
1359507,1.0,CSK,3,3.4,2.0,0.0,0.0,0.0,0.0,KKR,63.68,Conway,CSK,Kolkata Knight Riders,field first,Ruturaj Gaikwad,14.0,10.0,1.0,1.0,Devon Conway,10.0,12.0,0.0,1.0,Varun Chakravarthy,0.0,0.0,2.0,0.0,Umesh Yadav,2.0,0.0,13.0,0.0,"Eden Gardens, Kolkata",158.0,25.26,8.14,41.75,136.86,48.63,141.28,24.12,7.56,19.1,29.97,8.49,21.1
1359507,1.0,CSK,3,3.5,6.0,1.0,0.0,0.0,0.0,KKR,63.68,Conway,CSK,Kolkata Knight Riders,field first,Ruturaj Gaikwad,14.0,10.0,1.0,1.0,Devon Conway,16.0,13.0,0.0,2.0,Varun Chakravarthy,0.0,0.0,8.0,0.0,Umesh Yadav,2.0,0.0,13.0,0.0,"Eden Gardens, Kolkata",158.0,25.26,8.14,41.75,136.86,48.63,141.28,24.12,7.56,19.1,29.97,8.49,21.1
1359507,1.0,CSK,3,3.6,1.0,0.0,0.0,0.0,0.0,KKR,63.68,Conway,CSK,Kolkata Knight Riders,field first,Ruturaj Gaikwad,14.0,10.0,1.0,1.0,Devon Conway,17.0,14.0,0.0,2.0,Varun Chakravarthy,1.0,0.0,9.0,0.0,Umesh Yadav,2.0,0.0,13.0,0.0,"Eden Gardens, Kolkata",158.0,25.26,8.14,41.75,136.86,48.63,141.28,24.12,7.56,19.1,29.97,8.49,21.1
1359507,1.0,CSK,4,4.1,4.0,1.0,0.0,0.0,0.0,KKR,54.93,Conway,CSK,Kolkata Knight Riders,field first,Ruturaj Gaikwad,14.0,10.0,1.0,1.0,Devon Conway,21.0,15.0,1.0,2.0,David Wiese,1.0,0.0,13.0,0.0,Varun Chakravarthy,1.0,0.0,9.0,0.0,"Eden Gardens, Kolkata",158.0,25.26,8.14,41.75,136.86,48.63,141.28,27.5,8.91,18.5,24.12,7.56,19.1
1359507,1.0,CSK,4,4.2,2.0,0.0,0.0,0.0,0.0,KKR,54.93,Conway,CSK,Kolkata Knight Riders,field first,Ruturaj Gaikwad,14.0,10.0,1.0,1.0,Devon Conway,23.0,16.0,1.0,2.0,David Wiese,1.0,0.0,15.0,0.0,Varun Chakravarthy,1.0,0.0,9.0,0.0,"Eden Gardens, Kolkata",158.0,25.26,8.14,41.75,136.86,48.63,141.28,27.5,8.91,18.5,24.12,7.56,19.1
1359507,1.0,CSK,4,4.3,4.0,1.0,0.0,0.0,0.0,KKR,54.93,Conway,CSK,Kolkata Knight Riders,field first,Ruturaj Gaikwad,14.0,10.0,1.0,1.0,Devon Conway,27.0,17.0,2.0,2.0,David Wiese,1.0,0.0,19.0,0.0,Varun Chakravarthy,1.0,0.0,9.0,0.0,"Eden Gardens, Kolkata",158.0,25.26,8.14,41.75,136.86,48.63,141.28,27.5,8.91,18.5,24.12,7.56,19.1
1359507,1.0,CSK,4,4.4,2.0,0.0,0.0,0.0,0.0,KKR,54.93,Conway,CSK,Kolkata Knight Riders,field first,Ruturaj Gaikwad,14.0,10.0,1.0,1.0,Devon Conway,29.0,18.0,2.0,2.0,David Wiese,1.0,0.0,21.0,0.0,Varun Chakravarthy,1.0,0.0,9.0,0.0,"Eden Gardens, Kolkata",158.0,25.26,8.14,41.75,136.86,48.63,141.28,27.5,8.91,18.5,24.12,7.56,19.1
1359507,1.0,CSK,4,4.5,2.0,0.0,0.0,0.0,0.0,KKR,54.93,Conway,CSK,Kolkata Knight Riders,field first,Ruturaj Gaikwad,14.0,10.0,1.0,1.0,Devon Conway,31.0,19.0,2.0,2.0,David Wiese,1.0,0.0,23.0,0.0,Varun Chakravarthy,1.0,0.0,9.0,0.0,"Eden Gardens, Kolkata",158.0,25.26,8.14,41.75,136.86,48.63,141.28,27.5,8.91,18.5,24.12,7.56,19.1
1359507,1.0,CSK,4,4.6,0.0,0.0,1.0,0.0,0.0,KKR,54.93,Conway,CSK,Kolkata Knight Riders,field first,Ruturaj Gaikwad,14.0,10.0,1.0,1.0,Devon Conway,31.0,20.0,2.0,2.0,David Wiese,2.0,0.0,23.0,0.0,Varun Chakravarthy,1.0,0.0,9.0,0.0,"Eden Gardens, Kolkata",158.0,25.26,8.14,41.75,136.86,48.63,141.28,27.5,8.91,18.5,24.12,7.56,19.1
1359507,1.0,CSK,5,5.1,1.0,0.0,0.0,0.0,0.0,CSK,67.29,Gaikwad,CSK,Kolkata Knight Riders,field first,Ruturaj Gaikwad,15.0,11.0,1.0,1.0,Devon Conway,31.0,20.0,2.0,2.0,Kulwant Khejroliya,0.0,0.0,1.0,0.0,David Wiese,2.0,0.0,23.0,0.0,"Eden Gardens, Kolkata",158.0,25.26,8.14,41.75,136.86,48.63,141.28,43.4,10.76,24.2,27.5,8.91,18.5
1359507,1.0,CSK,5,5.2,4.0,1.0,0.0,0.0,0.0,CSK,67.29,Conway,CSK,Kolkata Knight Riders,field first,Ruturaj Gaikwad,15.0,11.0,1.0,1.0,Devon Conway,35.0,21.0,3.0,2.0,Kulwant Khejroliya,0.0,0.0,5.0,0.0,David Wiese,2.0,0.0,23.0,0.0,"Eden Gardens, Kolkata",158.0,25.26,8.14,41.75,136.86,48.63,141.28,43.4,10.76,24.2,27.5,8.91,18.5
1359507,1.0,CSK,5,5.3,1.0,0.0,0.0,0.0,0.0,CSK,67.29,Conway,CSK,Kolkata Knight Riders,field first,Ruturaj Gaikwad,15.0,11.0,1.0,1.0,Devon Conway,36.0,22.0,3.0,2.0,Kulwant Khejroliya,0.0,0.0,6.0,0.0,David Wiese,2.0,0.0,23.0,0.0,"Eden Gardens, Kolkata",158.0,25.26,8.14,41.75,136.86,48.63,141.28,43.4,10.76,24.2,27.5,8.91,18.5
1359507,1.0,CSK,5,5.4,6.0,1.0,0.0,0.0,0.0,CSK,67.29,Gaikwad,CSK,Kolkata Knight Riders,field first,Ruturaj Gaikwad,21.0,12.0,1.0,2.0,Devon Conway,36.0,22.0,3.0,2.0,Kulwant Khejroliya,0.0,0.0,12.0,0.0,David Wiese,2.0,0.0,23.0,0.0,"Eden Gardens, Kolkata",158.0,25.26,8.14,41.75,136.86,48.63,141.28,43.4,10.76,24.2,27.5,8.91,18.5
1359507,1.0,CSK,5,5.5,2.0,0.0,0.0,0.0,0.0,CSK,67.29,Gaikwad,CSK,Kolkata Knight Riders,field first,Ruturaj Gaikwad,23.0,13.0,1.0,2.0,Devon Conway,36.0,22.0,3.0,2.0,Kulwant Khejroliya,0.0,0.0,14.0,0.0,David Wiese,2.0,0.0,23.0,0.0,"Eden Gardens, Kolkata",158.0,25.26,8.14,41.75,136.86,48.63,141.28,43.4,10.76,24.2,27.5,8.91,18.5
1359507,1.0,CSK,5,5.6,0.0,0.0,1.0,0.0,0.0,CSK,67.29,Gaikwad,CSK,Kolkata Knight Riders,field first,Ruturaj Gaikwad,23.0,14.0,1.0,2.0,Devon Conway,36.0,22.0,3.0,2.0,Kulwant Khejroliya,1.0,0.0,14.0,0.0,David Wiese,2.0,0.0,23.0,0.0,"Eden Gardens, Kolkata",158.0,25.26,8.14,41.75,136.86,48.63,141.28,43.4,10.76,24.2,27.5,8.91,18.5
1359507,1.0,CSK,6,6.1,1.0,0.0,0.0,0.0,0.0,CSK,79.76,Conway,CSK,Kolkata Knight Riders,field first,Ruturaj Gaikwad,23.0,14.0,1.0,2.0,Devon Conway,37.0,23.0,3.0,2.0,Sunil Narine,0.0,0.0,1.0,0.0,Kulwant Khejroliya,1.0,0.0,14.0,0.0,"Eden Gardens, Kolkata",158.0,25.26,8.14,41.75,136.86,48.63,141.28,25.39,6.73,22.6,43.4,10.76,24.2
1359507,1.0,CSK,6,6.2,0.0,0.0,1.0,0.0,0.0,CSK,79.76,Gaikwad,CSK,Kolkata Knight Riders,field first,Ruturaj Gaikwad,23.0,15.0,1.0,2.0,Devon Conway,37.0,23.0,3.0,2.0,Sunil Narine,0.0,0.0,1.0,0.0,Kulwant Khejroliya,1.0,0.0,14.0,0.0,"Eden Gardens, Kolkata",158.0,25.26,8.14,41.75,136.86,48.63,141.28,25.39,6.73,22.6,43.4,10.76,24.2
1359507,1.0,CSK,6,6.3,2.0,0.0,0.0,0.0,0.0,CSK,79.76,Gaikwad,CSK,Kolkata Knight Riders,field first,Ruturaj Gaikwad,25.0,16.0,1.0,2.0,Devon Conway,37.0,23.0,3.0,2.0,Sunil Narine,0.0,0.0,3.0,0.0,Kulwant Khejroliya,1.0,0.0,14.0,0.0,"Eden Gardens, Kolkata",158.0,25.26,8.14,41.75,136.86,48.63,141.28,25.39,6.73,22.6,43.4,10.76,24.2
1359507,1.0,CSK,6,6.4,0.0,0.0,1.0,0.0,0.0,CSK,79.76,Gaikwad,CSK,Kolkata Knight Riders,field first,Ruturaj Gaikwad,25.0,17.0,1.0,2.0,Devon Conway,37.0,23.0,3.0,2.0,Sunil Narine,0.0,0.0,3.0,0.0,Kulwant Khejroliya,1.0,0.0,14.0,0.0,"Eden Gardens, Kolkata",158.0,25.26,8.14,41.75,136.86,48.63,141.28,25.39,6.73,22.6,43.4,10.76,24.2
1359507,1.0,CSK,6,6.5,4.0,1.0,0.0,0.0,0.0,CSK,79.76,Gaikwad,CSK,Kolkata Knight Riders,field first,Ruturaj Gaikwad,29.0,18.0,2.0,2.0,Devon Conway,37.0,23.0,3.0,2.0,Sunil Narine,0.0,0.0,7.0,0.0,Kulwant Khejroliya,1.0,0.0,14.0,0.0,"Eden Gardens, Kolkata",158.0,25.26,8.14,41.75,136.86,48.63,141.28,25.39,6.73,22.6,43.4,10.76,24.2
1359507,1.0,CSK,6,6.6,6.0,1.0,0.0,0.0,0.0,CSK,79.76,Gaikwad,CSK,Kolkata Knight Riders,field first,Ruturaj Gaikwad,35.0,19.0,2.0,3.0,Devon Conway,37.0,23.0,3.0,2.0,Sunil Narine,1.0,0.0,13.0,0.0,Kulwant Khejroliya,1.0,0.0,14.0,0.0,"Eden Gardens, Kolkata",158.0,25.26,8.14,41.75,136.86,48.63,141.28,25.39,6.73,22.6,43.4,10.76,24.2
1359507,1.0,CSK,7,7.1,0.0,0.0,1.0,0.0,0.0,CSK,86.26,Conway,CSK,Kolkata Knight Riders,field first,Ruturaj Gaikwad,35.0,19.0,2.0,3.0,Devon Conway,37.0,24.0,3.0,2.0,Suyash Sharma,0.0,0.0,0.0,0.0,Sunil Narine,1.0,0.0,13.0,0.0,"Eden Gardens, Kolkata",158.0,25.26,8.14,41.75,136.86,48.63,141.28,37.2,8.65,25.8,25.39,6.73,22.6
1359507,1.0,CSK,7,7.2,1.0,0.0,0.0,0.0,0.0,CSK,86.26,Conway,CSK,Kolkata Knight Riders,field first,Ruturaj Gaikwad,35.0,19.0,2.0,3.0,Devon Conway,38.0,25.0,3.0,2.0,Suyash Sharma,0.0,0.0,1.0,0.0,Sunil Narine,1.0,0.0,13.0,0.0,"Eden Gardens, Kolkata",158.0,25.26,8.14,41.75,136.86,48.63,141.28,37.2,8.65,25.8,25.39,6.73,22.6
1359507,1.0,CSK,7,7.3,0.0,0.0,0.0,1.0,0.0,CSK,86.26,Gaikwad,CSK,Kolkata Knight Riders,field first,Devon Conway,38.0,25.0,3.0,2.0,,0.0,0.0,0.0,0.0,Suyash Sharma,0.0,0.0,1.0,1.0,Sunil Narine,1.0,0.0,13.0,0.0,"Eden Gardens, Kolkata",158.0,25.26,8.14,48.63,141.28,0.0,0.0,37.2,8.65,25.8,25.39,6.73,22.6
1359507,1.0,CSK,7,7.4,1.0,0.0,0.0,0.0,0.0,CSK,86.26,Rahane,CSK,Kolkata Knight Riders,field first,Devon Conway,38.0,25.0,3.0,2.0,Ajinkya Rahane,1.0,1.0,0.0,0.0,Suyash Sharma,0.0,0.0,2.0,1.0,Sunil Narine,1.0,0.0,13.0,0.0,"Eden Gardens, Kolkata",158.0,25.26,8.14,48.63,141.28,30.14,123.42,37.2,8.65,25.8,25.39,6.73,22.6
1359507,1.0,CSK,7,7.5,1.0,0.0,0.0,0.0,0.0,CSK,86.26,Conway,CSK,Kolkata Knight Riders,field first,Devon Conway,39.0,26.0,3.0,2.0,Ajinkya Rahane,1.0,1.0,0.0,0.0,Suyash Sharma,0.0,0.0,3.0,1.0,Sunil Narine,1.0,0.0,13.0,0.0,"Eden Gardens, Kolkata",158.0,25.26,8.14,48.63,141.28,30.14,123.42,37.2,8.65,25.8,25.39,6.73,22.6
1359507,1.0,CSK,7,7.6,4.0,1.0,0.0,0.0,0.0,CSK,86.26,Rahane,CSK,Kolkata Knight Riders,field first,Devon Conway,39.0,26.0,3.0,2.0,Ajinkya Rahane,5.0,2.0,1.0,0.0,Suyash Sharma,1.0,0.0,7.0,1.0,Sunil Narine,1.0,0.0,13.0,0.0,"Eden Gardens, Kolkata",158.0,25.26,8.14,48.63,141.28,30.14,123.42,37.2,8.65,25.8,25.39,6.73,22.6
1359507,1.0,CSK,8,8.1,1.0,0.0,0.0,0.0,0.0,CSK,78.22,Conway,CSK,Kolkata Knight Riders,field first,Devon Conway,40.0,27.0,3.0,2.0,Ajinkya Rahane,5.0,2.0,1.0,0.0,Sunil Narine,1.0,0.0,14.0,0.0,Suyash Sharma,1.0,0.0,7.0,1.0,"Eden Gardens, Kolkata",158.0,25.26,8.14,48.63,141.28,30.14,123.42,25.39,6.73,22.6,37.2,8.65,25.8
1359507,1.0,CSK,8,8.2,1.0,0.0,0.0,0.0,0.0,CSK,78.22,Rahane,CSK,Kolkata Knight Riders,field first,Devon Conway,40.0,27.0,3.0,2.0,Ajinkya Rahane,6.0,3.0,1.0,0.0,Sunil Narine,1.0,0.0,15.0,0.0,Suyash Sharma,1.0,0.0,7.0,1.0,"Eden Gardens, Kolkata",158.0,25.26,8.14,48.63,141.28,30.14,123.42,25.39,6.73,22.6,37.2,8.65,25.8
1359507,1.0,CSK,8,8.3,0.0,0.0,1.0,0.0,0.0,CSK,78.22,Conway,CSK,Kolkata Knight Riders,field first,Devon Conway,40.0,28.0,3.0,2.0,Ajinkya Rahane,6.0,3.0,1.0,0.0,Sunil Narine,1.0,0.0,15.0,0.0,Suyash Sharma,1.0,0.0,7.0,1.0,"Eden Gardens, Kolkata",158.0,25.26,8.14,48.63,141.28,30.14,123.42,25.39,6.73,22.6,37.2,8.65,25.8
1359507,1.0,CSK,8,8.4,1.0,0.0,0.0,0.0,0.0,CSK,78.22,Conway,CSK,Kolkata Knight Riders,field first,Devon Conway,41.0,29.0,3.0,2.0,Ajinkya Rahane,6.0,3.0,1.0,0.0,Sunil Narine,1.0,0.0,16.0,0.0,Suyash Sharma,1.0,0.0,7.0,1.0,"Eden Gardens, Kolkata",158.0,25.26,8.14,48.63,141.28,30.14,123.42,25.39,6.73,22.6,37.2,8.65,25.8
1359507,1.0,CSK,8,8.5,1.0,0.0,0.0,0.0,0.0,CSK,78.22,Rahane,CSK,Kolkata Knight Riders,field first,Devon Conway,41.0,29.0,3.0,2.0,Ajinkya Rahane,7.0,4.0,1.0,0.0,Sunil Narine,1.0,0.0,17.0,0.0,Suyash Sharma,1.0,0.0,7.0,1.0,"Eden Gardens, Kolkata",158.0,25.26,8.14,48.63,141.28,30.14,123.42,25.39,6.73,22.6,37.2,8.65,25.8
1359507,1.0,CSK,8,8.6,6.0,1.0,0.0,0.0,0.0,CSK,78.22,Conway,CSK,Kolkata Knight Riders,field first,Devon Conway,47.0,30.0,3.0,3.0,Ajinkya Rahane,7.0,4.0,1.0,0.0,Sunil Narine,2.0,0.0,23.0,0.0,Suyash Sharma,1.0,0.0,7.0,1.0,"Eden Gardens, Kolkata",158.0,25.26,8.14,48.63,141.28,30.14,123.42,25.39,6.73,22.6,37.2,8.65,25.8
1359507,1.0,CSK,9,9.1,1.0,0.0,0.0,0.0,0.0,CSK,74.0,Rahane,CSK,Kolkata Knight Riders,field first,Devon Conway,47.0,30.0,3.0,3.0,Ajinkya Rahane,8.0,5.0,1.0,0.0,Suyash Sharma,1.0,0.0,8.0,1.0,Sunil Narine,2.0,0.0,23.0,0.0,"Eden Gardens, Kolkata",158.0,25.26,8.14,48.63,141.28,30.14,123.42,37.2,8.65,25.8,25.39,6.73,22.6
1359507,1.0,CSK,9,9.2,0.0,0.0,1.0,0.0,0.0,CSK,74.0,Conway,CSK,Kolkata Knight Riders,field first,Devon Conway,47.0,31.0,3.0,3.0,Ajinkya Rahane,8.0,5.0,1.0,0.0,Suyash Sharma,1.0,0.0,8.0,1.0,Sunil Narine,2.0,0.0,23.0,0.0,"Eden Gardens, Kolkata",158.0,25.26,8.14,48.63,141.28,30.14,123.42,37.2,8.65,25.8,25.39,6.73,22.6
1359507,1.0,CSK,9,9.3,2.0,0.0,0.0,0.0,0.0,CSK,74.0,Conway,CSK,Kolkata Knight Riders,field first,Devon Conway,49.0,32.0,3.0,3.0,Ajinkya Rahane,8.0,5.0,1.0,0.0,Suyash Sharma,1.0,0.0,10.0,1.0,Sunil Narine,2.0,0.0,23.0,0.0,"Eden Gardens, Kolkata",158.0,25.26,8.14,48.63,141.28,30.14,123.42,37.2,8.65,25.8,25.39,6.73,22.6
1359507,1.0,CSK,9,9.4,0.0,0.0,1.0,0.0,0.0,CSK,74.0,Conway,CSK,Kolkata Knight Riders,field first,Devon Conway,49.0,33.0,3.0,3.0,Ajinkya Rahane,8.0,5.0,1.0,0.0,Suyash Sharma,1.0,0.0,10.0,1.0,Sunil Narine,2.0,0.0,23.0,0.0,"Eden Gardens, Kolkata",158.0,25.26,8.14,48.63,141.28,30.14,123.42,37.2,8.65,25.8,25.39,6.73,22.6
1359507,1.0,CSK,9,9.5,1.0,0.0,0.0,0.0,0.0,CSK,74.0,Conway,CSK,Kolkata Knight Riders,field first,Devon Conway,50.0,34.0,3.0,3.0,Ajinkya Rahane,8.0,5.0,1.0,0.0,Suyash Sharma,1.0,0.0,11.0,1.0,Sunil Narine,2.0,0.0,23.0,0.0,"Eden Gardens, Kolkata",158.0,25.26,8.14,48.63,141.28,30.14,123.42,37.2,8.65,25.8,25.39,6.73,22.6
1359507,1.0,CSK,9,9.6,1.0,0.0,0.0,0.0,0.0,CSK,74.0,Rahane,CSK,Kolkata Knight Riders,field first,Devon Conway,50.0,34.0,3.0,3.0,Ajinkya Rahane,9.0,6.0,1.0,0.0,Suyash Sharma,2.0,0.0,12.0,1.0,Sunil Narine,2.0,0.0,23.0,0.0,"Eden Gardens, Kolkata",158.0,25.26,8.14,48.63,141.28,30.14,123.42,37.2,8.65,25.8,25.39,6.73,22.6
1359507,1.0,CSK,10,10.1,1.0,0.0,0.0,0.0,0.0,CSK,72.17,Rahane,CSK,Kolkata Knight Riders,field first,Devon Conway,50.0,34.0,3.0,3.0,Ajinkya Rahane,10.0,7.0,1.0,0.0,Varun Chakravarthy,1.0,0.0,10.0,0.0,Suyash Sharma,2.0,0.0,12.0,1.0,"Eden Gardens, Kolkata",158.0,25.26,8.14,48.63,141.28,30.14,123.42,24.12,7.56,19.1,37.2,8.65,25.8
1359507,1.0,CSK,10,10.2,0.0,0.0,1.0,0.0,0.0,CSK,72.17,Conway,CSK,Kolkata Knight Riders,field first,Devon Conway,50.0,35.0,3.0,3.0,Ajinkya Rahane,10.0,7.0,1.0,0.0,Varun Chakravarthy,1.0,0.0,10.0,0.0,Suyash Sharma,2.0,0.0,12.0,1.0,"Eden Gardens, Kolkata",158.0,25.26,8.14,48.63,141.28,30.14,123.42,24.12,7.56,19.1,37.2,8.65,25.8
1359507,1.0,CSK,10,10.3,4.0,1.0,0.0,0.0,0.0,CSK,72.17,Conway,CSK,Kolkata Knight Riders,field first,Devon Conway,54.0,36.0,4.0,3.0,Ajinkya Rahane,10.0,7.0,1.0,0.0,Varun Chakravarthy,1.0,0.0,14.0,0.0,Suyash Sharma,2.0,0.0,12.0,1.0,"Eden Gardens, Kolkata",158.0,25.26,8.14,48.63,141.28,30.14,123.42,24.12,7.56,19.1,37.2,8.65,25.8
1359507,1.0,CSK,10,10.4,0.0,0.0,1.0,0.0,0.0,CSK,72.17,Conway,CSK,Kolkata Knight Riders,field first,Devon Conway,54.0,37.0,4.0,3.0,Ajinkya Rahane,10.0,7.0,1.0,0.0,Varun Chakravarthy,1.0,0.0,14.0,0.0,Suyash Sharma,2.0,0.0,12.0,1.0,"Eden Gardens, Kolkata",158.0,25.26,8.14,48.63,141.28,30.14,123.42,24.12,7.56,19.1,37.2,8.65,25.8
1359507,1.0,CSK,10,10.5,1.0,0.0,0.0,0.0,0.0,CSK,72.17,Conway,CSK,Kolkata Knight Riders,field first,Devon Conway,55.0,38.0,4.0,3.0,Ajinkya Rahane,10.0,7.0,1.0,0.0,Varun Chakravarthy,1.0,0.0,15.0,0.0,Suyash Sharma,2.0,0.0,12.0,1.0,"Eden Gardens, Kolkata",158.0,25.26,8.14,48.63,141.28,30.14,123.42,24.12,7.56,19.1,37.2,8.65,25.8
1359507,1.0,CSK,10,10.6,1.0,0.0,0.0,0.0,0.0,CSK,72.17,Rahane,CSK,Kolkata Knight Riders,field first,Devon Conway,55.0,38.0,4.0,3.0,Ajinkya Rahane,11.0,8.0,1.0,0.0,Varun Chakravarthy,2.0,0.0,16.0,0.0,Suyash Sharma,2.0,0.0,12.0,1.0,"Eden Gardens, Kolkata",158.0,25.26,8.14,48.63,141.28,30.14,123.42,24.12,7.56,19.1,37.2,8.65,25.8
1359507,1.0,CSK,11,11.1,0.0,0.0,1.0,0.0,0.0,CSK,67.29,Rahane,CSK,Kolkata Knight Riders,field first,Devon Conway,55.0,38.0,4.0,3.0,Ajinkya Rahane,11.0,9.0,1.0,0.0,Suyash Sharma,2.0,0.0,12.0,1.0,Varun Chakravarthy,2.0,0.0,16.0,0.0,"Eden Gardens, Kolkata",158.0,25.26,8.14,48.63,141.28,30.14,123.42,37.2,8.65,25.8,24.12,7.56,19.1
1359507,1.0,CSK,11,11.2,2.0,0.0,0.0,0.0,0.0,CSK,67.29,Rahane,CSK,Kolkata Knight Riders,field first,Devon Conway,55.0,38.0,4.0,3.0,Ajinkya Rahane,13.0,10.0,1.0,0.0,Suyash Sharma,2.0,0.0,14.0,1.0,Varun Chakravarthy,2.0,0.0,16.0,0.0,"Eden Gardens, Kolkata",158.0,25.26,8.14,48.63,141.28,30.14,123.42,37.2,8.65,25.8,24.12,7.56,19.1
1359507,1.0,CSK,11,11.3,4.0,1.0,0.0,0.0,0.0,CSK,67.29,Rahane,CSK,Kolkata Knight Riders,field first,Devon Conway,55.0,38.0,4.0,3.0,Ajinkya Rahane,17.0,11.0,2.0,0.0,Suyash Sharma,2.0,0.0,18.0,1.0,Varun Chakravarthy,2.0,0.0,16.0,0.0,"Eden Gardens, Kolkata",158.0,25.26,8.14,48.63,141.28,30.14,123.42,37.2,8.65,25.8,24.12,7.56,19.1
1359507,1.0,CSK,11,11.4,1.0,0.0,0.0,0.0,0.0,CSK,67.29,Rahane,CSK,Kolkata Knight Riders,field first,Devon Conway,55.0,38.0,4.0,3.0,Ajinkya Rahane,18.0,12.0,2.0,0.0,Suyash Sharma,2.0,0.0,19.0,1.0,Varun Chakravarthy,2.0,0.0,16.0,0.0,"Eden Gardens, Kolkata",158.0,25.26,8.14,48.63,141.28,30.14,123.42,37.2,8.65,25.8,24.12,7.56,19.1
1359507,1.0,CSK,11,11.5,1.0,0.0,0.0,0.0,0.0,CSK,67.29,Conway,CSK,Kolkata Knight Riders,field first,Devon Conway,56.0,39.0,4.0,3.0,Ajinkya Rahane,18.0,12.0,2.0,0.0,Suyash Sharma,2.0,0.0,20.0,1.0,Varun Chakravarthy,2.0,0.0,16.0,0.0,"Eden Gardens, Kolkata",158.0,25.26,8.14,48.63,141.28,30.14,123.42,37.2,8.65,25.8,24.12,7.56,19.1
1359507,1.0,CSK,11,11.6,0.0,0.0,1.0,0.0,0.0,CSK,67.29,Rahane,CSK,Kolkata Knight Riders,field first,Devon Conway,56.0,39.0,4.0,3.0,Ajinkya Rahane,18.0,13.0,2.0,0.0,Suyash Sharma,3.0,0.0,20.0,1.0,Varun Chakravarthy,2.0,0.0,16.0,0.0,"Eden Gardens, Kolkata",158.0,25.26,8.14,48.63,141.28,30.14,123.42,37.2,8.65,25.8,24.12,7.56,19.1
1359507,1.0,CSK,12,12.1,0.0,0.0,0.0,1.0,0.0,CSK,68.3,Conway,CSK,Kolkata Knight Riders,field first,Ajinkya Rahane,18.0,13.0,2.0,0.0,,0.0,0.0,0.0,0.0,Varun Chakravarthy,2.0,0.0,16.0,1.0,Suyash Sharma,3.0,0.0,20.0,1.0,"Eden Gardens, Kolkata",158.0,25.26,8.14,30.14,123.42,0.0,0.0,24.12,7.56,19.1,37.2,8.65,25.8
1359507,1.0,CSK,12,12.2,0.0,0.0,1.0,0.0,0.0,CSK,68.3,Dube,CSK,Kolkata Knight Riders,field first,Ajinkya Rahane,18.0,13.0,2.0,0.0,Shivam Dube,0.0,1.0,0.0,0.0,Varun Chakravarthy,2.0,0.0,16.0,1.0,Suyash Sharma,3.0,0.0,20.0,1.0,"Eden Gardens, Kolkata",158.0,25.26,8.14,30.14,123.42,30.04,146.67,24.12,7.56,19.1,37.2,8.65,25.8
1359507,1.0,CSK,12,12.3,1.0,0.0,0.0,0.0,0.0,CSK,68.3,Dube,CSK,Kolkata Knight Riders,field first,Ajinkya Rahane,18.0,13.0,2.0,0.0,Shivam Dube,1.0,2.0,0.0,0.0,Varun Chakravarthy,2.0,0.0,17.0,1.0,Suyash Sharma,3.0,0.0,20.0,1.0,"Eden Gardens, Kolkata",158.0,25.26,8.14,30.14,123.42,30.04,146.67,24.12,7.56,19.1,37.2,8.65,25.8
1359507,1.0,CSK,12,12.4,1.0,0.0,0.0,0.0,0.0,CSK,68.3,Rahane,CSK,Kolkata Knight Riders,field first,Ajinkya Rahane,19.0,14.0,2.0,0.0,Shivam Dube,1.0,2.0,0.0,0.0,Varun Chakravarthy,2.0,0.0,18.0,1.0,Suyash Sharma,3.0,0.0,20.0,1.0,"Eden Gardens, Kolkata",158.0,25.26,8.14,30.14,123.42,30.04,146.67,24.12,7.56,19.1,37.2,8.65,25.8
1359507,1.0,CSK,12,12.5,6.0,1.0,0.0,0.0,0.0,CSK,68.3,Dube,CSK,Kolkata Knight Riders,field first,Ajinkya Rahane,19.0,14.0,2.0,0.0,Shivam Dube,7.0,3.0,0.0,1.0,Varun Chakravarthy,2.0,0.0,24.0,1.0,Suyash Sharma,3.0,0.0,20.0,1.0,"Eden Gardens, Kolkata",158.0,25.26,8.14,30.14,123.42,30.04,146.67,24.12,7.56,19.1,37.2,8.65,25.8
1359507,1.0,CSK,12,12.6,6.0,1.0,0.0,0.0,0.0,CSK,68.3,Dube,CSK,Kolkata Knight Riders,field first,Ajinkya Rahane,19.0,14.0,2.0,0.0,Shivam Dube,13.0,4.0,0.0,2.0,Varun Chakravarthy,3.0,0.0,30.0,1.0,Suyash Sharma,3.0,0.0,20.0,1.0,"Eden Gardens, Kolkata",158.0,25.26,8.14,30.14,123.42,30.04,146.67,24.12,7.56,19.1,37.2,8.65,25.8
1359507,1.0,CSK,13,13.1,6.0,1.0,0.0,0.0,0.0,CSK,73.1,Rahane,CSK,Kolkata Knight Riders,field first,Ajinkya Rahane,25.0,15.0,2.0,1.0,Shivam Dube,13.0,4.0,0.0,2.0,Umesh Yadav,2.0,0.0,19.0,0.0,Varun Chakravarthy,3.0,0.0,30.0,1.0,"Eden Gardens, Kolkata",158.0,25.26,8.14,30.14,123.42,30.04,146.67,29.97,8.49,21.1,24.12,7.56,19.1
1359507,1.0,CSK,13,13.2,6.0,1.0,0.0,0.0,0.0,CSK,73.1,Rahane,CSK,Kolkata Knight Riders,field first,Ajinkya Rahane,31.0,16.0,2.0,2.0,Shivam Dube,13.0,4.0,0.0,2.0,Umesh Yadav,2.0,0.0,25.0,0.0,Varun Chakravarthy,3.0,0.0,30.0,1.0,"Eden Gardens, Kolkata",158.0,25.26,8.14,30.14,123.42,30.04,146.67,29.97,8.49,21.1,24.12,7.56,19.1
1359507,1.0,CSK,13,13.3,4.0,1.0,0.0,0.0,0.0,CSK,73.1,Rahane,CSK,Kolkata Knight Riders,field first,Ajinkya Rahane,35.0,17.0,3.0,2.0,Shivam Dube,13.0,4.0,0.0,2.0,Umesh Yadav,2.0,0.0,29.0,0.0,Varun Chakravarthy,3.0,0.0,30.0,1.0,"Eden Gardens, Kolkata",158.0,25.26,8.14,30.14,123.42,30.04,146.67,29.97,8.49,21.1,24.12,7.56,19.1
1359507,1.0,CSK,13,13.4,1.0,0.0,0.0,0.0,0.0,CSK,73.1,Rahane,CSK,Kolkata Knight Riders,field first,Ajinkya Rahane,36.0,18.0,3.0,2.0,Shivam Dube,13.0,4.0,0.0,2.0,Umesh Yadav,2.0,0.0,30.0,0.0,Varun Chakravarthy,3.0,0.0,30.0,1.0,"Eden Gardens, Kolkata",158.0,25.26,8.14,30.14,123.42,30.04,146.67,29.97,8.49,21.1,24.12,7.56,19.1
1359507,1.0,CSK,13,13.5,4.0,1.0,0.0,0.0,0.0,CSK,73.1,Dube,CSK,Kolkata Knight Riders,field first,Ajinkya Rahane,36.0,18.0,3.0,2.0,Shivam Dube,17.0,5.0,1.0,2.0,Umesh Yadav,2.0,0.0,34.0,0.0,Varun Chakravarthy,3.0,0.0,30.0,1.0,"Eden Gardens, Kolkata",158.0,25.26,8.14,30.14,123.42,30.04,146.67,29.97,8.49,21.1,24.12,7.56,19.1
1359507,1.0,CSK,13,13.6,1.0,0.0,0.0,0.0,0.0,CSK,73.1,Dube,CSK,Kolkata Knight Riders,field first,Ajinkya Rahane,36.0,18.0,3.0,2.0,Shivam Dube,18.0,6.0,1.0,2.0,Umesh Yadav,3.0,0.0,35.0,0.0,Varun Chakravarthy,3.0,0.0,30.0,1.0,"Eden Gardens, Kolkata",158.0,25.26,8.14,30.14,123.42,30.04,146.67,29.97,8.49,21.1,24.12,7.56,19.1
1359507,1.0,CSK,14,14.1,6.0,1.0,0.0,0.0,0.0,CSK,89.69,Dube,CSK,Kolkata Knight Riders,field first,Ajinkya Rahane,36.0,18.0,3.0,2.0,Shivam Dube,24.0,7.0,1.0,3.0,David Wiese,2.0,0.0,29.0,0.0,Umesh Yadav,3.0,0.0,35.0,0.0,"Eden Gardens, Kolkata",158.0,25.26,8.14,30.14,123.42,30.04,146.67,27.5,8.91,18.5,29.97,8.49,21.1
1359507,1.0,CSK,14,14.2,4.0,1.0,0.0,0.0,0.0,CSK,89.69,Dube,CSK,Kolkata Knight Riders,field first,Ajinkya Rahane,36.0,18.0,3.0,2.0,Shivam Dube,28.0,8.0,2.0,3.0,David Wiese,2.0,0.0,33.0,0.0,Umesh Yadav,3.0,0.0,35.0,0.0,"Eden Gardens, Kolkata",158.0,25.26,8.14,30.14,123.42,30.04,146.67,27.5,8.91,18.5,29.97,8.49,21.1
1359507,1.0,CSK,14,14.3,1.0,0.0,0.0,0.0,0.0,CSK,89.69,Dube,CSK,Kolkata Knight Riders,field first,Ajinkya Rahane,36.0,18.0,3.0,2.0,Shivam Dube,29.0,9.0,2.0,3.0,David Wiese,2.0,0.0,34.0,0.0,Umesh Yadav,3.0,0.0,35.0,0.0,"Eden Gardens, Kolkata",158.0,25.26,8.14,30.14,123.42,30.04,146.67,27.5,8.91,18.5,29.97,8.49,21.1
1359507,1.0,CSK,14,14.4,1.0,0.0,0.0,0.0,0.0,CSK,89.69,Rahane,CSK,Kolkata Knight Riders,field first,Ajinkya Rahane,37.0,19.0,3.0,2.0,Shivam Dube,29.0,9.0,2.0,3.0,David Wiese,2.0,0.0,35.0,0.0,Umesh Yadav,3.0,0.0,35.0,0.0,"Eden Gardens, Kolkata",158.0,25.26,8.14,30.14,123.42,30.04,146.67,27.5,8.91,18.5,29.97,8.49,21.1
1359507,1.0,CSK,14,14.5,2.0,0.0,0.0,0.0,0.0,CSK,89.69,Dube,CSK,Kolkata Knight Riders,field first,Ajinkya Rahane,37.0,19.0,3.0,2.0,Shivam Dube,31.0,10.0,2.0,3.0,David Wiese,2.0,0.0,37.0,0.0,Umesh Yadav,3.0,0.0,35.0,0.0,"Eden Gardens, Kolkata",158.0,25.26,8.14,30.14,123.42,30.04,146.67,27.5,8.91,18.5,29.97,8.49,21.1
1359507,1.0,CSK,14,14.6,1.0,0.0,0.0,0.0,0.0,CSK,89.69,Dube,CSK,Kolkata Knight Riders,field first,Ajinkya Rahane,37.0,19.0,3.0,2.0,Shivam Dube,32.0,11.0,2.0,3.0,David Wiese,3.0,0.0,38.0,0.0,Umesh Yadav,3.0,0.0,35.0,0.0,"Eden Gardens, Kolkata",158.0,25.26,8.14,30.14,123.42,30.04,146.67,27.5,8.91,18.5,29.97,8.49,21.1
1359507,1.0,CSK,15,15.1,0.0,0.0,1.0,0.0,0.0,CSK,91.29,Dube,CSK,Kolkata Knight Riders,field first,Ajinkya Rahane,37.0,19.0,3.0,2.0,Shivam Dube,32.0,12.0,2.0,3.0,Suyash Sharma,3.0,0.0,20.0,1.0,David Wiese,3.0,0.0,38.0,0.0,"Eden Gardens, Kolkata",158.0,25.26,8.14,30.14,123.42,30.04,146.67,37.2,8.65,25.8,27.5,8.91,18.5
1359507,1.0,CSK,15,15.2,6.0,1.0,0.0,0.0,0.0,CSK,91.29,Dube,CSK,Kolkata Knight Riders,field first,Ajinkya Rahane,37.0,19.0,3.0,2.0,Shivam Dube,38.0,13.0,2.0,4.0,Suyash Sharma,3.0,0.0,26.0,1.0,David Wiese,3.0,0.0,38.0,0.0,"Eden Gardens, Kolkata",158.0,25.26,8.14,30.14,123.42,30.04,146.67,37.2,8.65,25.8,27.5,8.91,18.5
1359507,1.0,CSK,15,15.3,0.0,0.0,1.0,0.0,0.0,CSK,91.29,Dube,CSK,Kolkata Knight Riders,field first,Ajinkya Rahane,37.0,19.0,3.0,2.0,Shivam Dube,38.0,14.0,2.0,4.0,Suyash Sharma,3.0,0.0,26.0,1.0,David Wiese,3.0,0.0,38.0,0.0,"Eden Gardens, Kolkata",158.0,25.26,8.14,30.14,123.42,30.04,146.67,37.2,8.65,25.8,27.5,8.91,18.5
1359507,1.0,CSK,15,15.4,1.0,0.0,0.0,0.0,0.0,CSK,91.29,Dube,CSK,Kolkata Knight Riders,field first,Ajinkya Rahane,37.0,19.0,3.0,2.0,Shivam Dube,39.0,15.0,2.0,4.0,Suyash Sharma,3.0,0.0,27.0,1.0,David Wiese,3.0,0.0,38.0,0.0,"Eden Gardens, Kolkata",158.0,25.26,8.14,30.14,123.42,30.04,146.67,37.2,8.65,25.8,27.5,8.91,18.5
1359507,1.0,CSK,15,15.5,1.0,0.0,0.0,0.0,0.0,CSK,91.29,Rahane,CSK,Kolkata Knight Riders,field first,Ajinkya Rahane,38.0,20.0,3.0,2.0,Shivam Dube,39.0,15.0,2.0,4.0,Suyash Sharma,3.0,0.0,28.0,1.0,David Wiese,3.0,0.0,38.0,0.0,"Eden Gardens, Kolkata",158.0,25.26,8.14,30.14,123.42,30.04,146.67,37.2,8.65,25.8,27.5,8.91,18.5
1359507,1.0,CSK,15,15.6,1.0,0.0,0.0,0.0,0.0,CSK,91.29,Dube,CSK,Kolkata Knight Riders,field first,Ajinkya Rahane,38.0,20.0,3.0,2.0,Shivam Dube,40.0,16.0,2.0,4.0,Suyash Sharma,4.0,0.0,29.0,1.0,David Wiese,3.0,0.0,38.0,0.0,"Eden Gardens, Kolkata",158.0,25.26,8.14,30.14,123.42,30.04,146.67,37.2,8.65,25.8,27.5,8.91,18.5
1359507,1.0,CSK,16,16.1,1.0,0.0,0.0,0.0,0.0,CSK,89.25,Dube,CSK,Kolkata Knight Riders,field first,Ajinkya Rahane,38.0,20.0,3.0,2.0,Shivam Dube,41.0,17.0,2.0,4.0,Andre Russell,0.0,0.0,1.0,0.0,Suyash Sharma,4.0,0.0,29.0,1.0,"Eden Gardens, Kolkata",158.0,25.26,8.14,30.14,123.42,30.04,146.67,23.0,9.35,14.7,37.2,8.65,25.8
1359507,1.0,CSK,16,16.2,6.0,1.0,0.0,0.0,0.0,CSK,89.25,Rahane,CSK,Kolkata Knight Riders,field first,Ajinkya Rahane,44.0,21.0,3.0,3.0,Shivam Dube,41.0,17.0,2.0,4.0,Andre Russell,0.0,0.0,7.0,0.0,Suyash Sharma,4.0,0.0,29.0,1.0,"Eden Gardens, Kolkata",158.0,25.26,8.14,30.14,123.42,30.04,146.67,23.0,9.35,14.7,37.2,8.65,25.8
1359507,1.0,CSK,16,16.3,1.0,0.0,0.0,0.0,0.0,CSK,89.25,Rahane,CSK,Kolkata Knight Riders,field first,Ajinkya Rahane,46.0,22.0,3.0,3.0,Shivam Dube,41.0,17.0,2.0,4.0,Andre Russell,0.0,0.0,9.0,0.0,Suyash Sharma,4.0,0.0,29.0,1.0,"Eden Gardens, Kolkata",158.0,25.26,8.14,30.14,123.42,30.04,146.67,23.0,9.35,14.7,37.2,8.65,25.8
1359507,1.0,CSK,16,16.3,1.0,0.0,0.0,0.0,1.0,CSK,89.25,Rahane,CSK,Kolkata Knight Riders,field first,Ajinkya Rahane,45.0,21.0,3.0,3.0,Shivam Dube,41.0,17.0,2.0,4.0,Andre Russell,0.0,0.0,8.0,0.0,Suyash Sharma,4.0,0.0,29.0,1.0,"Eden Gardens, Kolkata",158.0,25.26,8.14,30.14,123.42,30.04,146.67,23.0,9.35,14.7,37.2,8.65,25.8
1359507,1.0,CSK,16,16.4,1.0,0.0,0.0,0.0,0.0,CSK,89.25,Dube,CSK,Kolkata Knight Riders,field first,Ajinkya Rahane,46.0,22.0,3.0,3.0,Shivam Dube,42.0,18.0,2.0,4.0,Andre Russell,0.0,0.0,10.0,0.0,Suyash Sharma,4.0,0.0,29.0,1.0,"Eden Gardens, Kolkata",158.0,25.26,8.14,30.14,123.42,30.04,146.67,23.0,9.35,14.7,37.2,8.65,25.8
1359507,1.0,CSK,16,16.5,2.0,0.0,0.0,0.0,0.0,CSK,89.25,Rahane,CSK,Kolkata Knight Riders,field first,Ajinkya Rahane,49.0,23.0,3.0,3.0,Shivam Dube,42.0,18.0,2.0,4.0,Andre Russell,0.0,0.0,13.0,0.0,Suyash Sharma,4.0,0.0,29.0,1.0,"Eden Gardens, Kolkata",158.0,25.26,8.14,30.14,123.42,30.04,146.67,23.0,9.35,14.7,37.2,8.65,25.8
1359507,1.0,CSK,16,16.5,1.0,0.0,0.0,0.0,1.0,CSK,89.25,Rahane,CSK,Kolkata Knight Riders,field first,Ajinkya Rahane,47.0,22.0,3.0,3.0,Shivam Dube,42.0,18.0,2.0,4.0,Andre Russell,0.0,0.0,11.0,0.0,Suyash Sharma,4.0,0.0,29.0,1.0,"Eden Gardens, Kolkata",158.0,25.26,8.14,30.14,123.42,30.04,146.67,23.0,9.35,14.7,37.2,8.65,25.8
1359507,1.0,CSK,16,16.6,4.0,1.0,0.0,0.0,0.0,CSK,89.25,Rahane,CSK,Kolkata Knight Riders,field first,Ajinkya Rahane,53.0,24.0,4.0,3.0,Shivam Dube,42.0,18.0,2.0,4.0,Andre Russell,1.0,0.0,17.0,0.0,Suyash Sharma,4.0,0.0,29.0,1.0,"Eden Gardens, Kolkata",158.0,25.26,8.14,30.14,123.42,30.04,146.67,23.0,9.35,14.7,37.2,8.65,25.8
1359507,1.0,CSK,17,17.1,2.0,0.0,0.0,0.0,0.0,CSK,88.8,Dube,CSK,Kolkata Knight Riders,field first,Ajinkya Rahane,53.0,24.0,4.0,3.0,Shivam Dube,44.0,19.0,2.0,4.0,Kulwant Khejroliya,1.0,0.0,16.0,0.0,Andre Russell,1.0,0.0,17.0,0.0,"Eden Gardens, Kolkata",158.0,25.26,8.14,30.14,123.42,30.04,146.67,43.4,10.76,24.2,23.0,9.35,14.7
1359507,1.0,CSK,17,17.2,6.0,1.0,0.0,0.0,0.0,CSK,88.8,Dube,CSK,Kolkata Knight Riders,field first,Ajinkya Rahane,53.0,24.0,4.0,3.0,Shivam Dube,50.0,20.0,2.0,5.0,Kulwant Khejroliya,1.0,0.0,22.0,0.0,Andre Russell,1.0,0.0,17.0,0.0,"Eden Gardens, Kolkata",158.0,25.26,8.14,30.14,123.42,30.04,146.67,43.4,10.76,24.2,23.0,9.35,14.7
1359507,1.0,CSK,17,17.3,0.0,0.0,0.0,1.0,0.0,CSK,88.8,Dube,CSK,Kolkata Knight Riders,field first,Ajinkya Rahane,53.0,24.0,4.0,3.0,,0.0,0.0,0.0,0.0,Kulwant Khejroliya,1.0,0.0,22.0,1.0,Andre Russell,1.0,0.0,17.0,0.0,"Eden Gardens, Kolkata",158.0,25.26,8.14,30.14,123.42,0.0,0.0,43.4,10.76,24.2,23.0,9.35,14.7
1359507,1.0,CSK,17,17.4,0.0,0.0,1.0,0.0,0.0,CSK,88.8,Jadeja,CSK,Kolkata Knight Riders,field first,Ajinkya Rahane,53.0,24.0,4.0,3.0,Ravindra Jadeja,0.0,1.0,0.0,0.0,Kulwant Khejroliya,1.0,0.0,22.0,1.0,Andre Russell,1.0,0.0,17.0,0.0,"Eden Gardens, Kolkata",158.0,25.26,8.14,30.14,123.42,27.39,129.78,43.4,10.76,24.2,23.0,9.35,14.7
1359507,1.0,CSK,17,17.5,1.0,0.0,0.0,0.0,0.0,CSK,88.8,Jadeja,CSK,Kolkata Knight Riders,field first,Ajinkya Rahane,53.0,24.0,4.0,3.0,Ravindra Jadeja,1.0,2.0,0.0,0.0,Kulwant Khejroliya,1.0,0.0,23.0,1.0,Andre Russell,1.0,0.0,17.0,0.0,"Eden Gardens, Kolkata",158.0,25.26,8.14,30.14,123.42,27.39,129.78,43.4,10.76,24.2,23.0,9.35,14.7
1359507,1.0,CSK,17,17.6,4.0,1.0,0.0,0.0,0.0,CSK,88.8,Rahane,CSK,Kolkata Knight Riders,field first,Ajinkya Rahane,57.0,25.0,5.0,3.0,Ravindra Jadeja,1.0,2.0,0.0,0.0,Kulwant Khejroliya,2.0,0.0,27.0,1.0,Andre Russell,1.0,0.0,17.0,0.0,"Eden Gardens, Kolkata",158.0,25.26,8.14,30.14,123.42,27.39,129.78,43.4,10.76,24.2,23.0,9.35,14.7
1359507,1.0,CSK,18,18.1,2.0,0.0,0.0,0.0,0.0,CSK,90.11,Jadeja,CSK,Kolkata Knight Riders,field first,Ajinkya Rahane,57.0,25.0,5.0,3.0,Ravindra Jadeja,3.0,3.0,0.0,0.0,Varun Chakravarthy,3.0,0.0,32.0,1.0,Kulwant Khejroliya,2.0,0.0,27.0,1.0,"Eden Gardens, Kolkata",158.0,25.26,8.14,30.14,123.42,27.39,129.78,24.12,7.56,19.1,43.4,10.76,24.2
1359507,1.0,CSK,18,18.2,1.0,0.0,0.0,0.0,0.0,CSK,90.11,Jadeja,CSK,Kolkata Knight Riders,field first,Ajinkya Rahane,57.0,25.0,5.0,3.0,Ravindra Jadeja,4.0,4.0,0.0,0.0,Varun Chakravarthy,3.0,0.0,33.0,1.0,Kulwant Khejroliya,2.0,0.0,27.0,1.0,"Eden Gardens, Kolkata",158.0,25.26,8.14,30.14,123.42,27.39,129.78,24.12,7.56,19.1,43.4,10.76,24.2
1359507,1.0,CSK,18,18.3,0.0,0.0,1.0,0.0,0.0,CSK,90.11,Rahane,CSK,Kolkata Knight Riders,field first,Ajinkya Rahane,57.0,26.0,5.0,3.0,Ravindra Jadeja,4.0,4.0,0.0,0.0,Varun Chakravarthy,3.0,0.0,33.0,1.0,Kulwant Khejroliya,2.0,0.0,27.0,1.0,"Eden Gardens, Kolkata",158.0,25.26,8.14,30.14,123.42,27.39,129.78,24.12,7.56,19.1,43.4,10.76,24.2
1359507,1.0,CSK,18,18.4,6.0,1.0,0.0,0.0,0.0,CSK,90.11,Rahane,CSK,Kolkata Knight Riders,field first,Ajinkya Rahane,63.0,27.0,5.0,4.0,Ravindra Jadeja,4.0,4.0,0.0,0.0,Varun Chakravarthy,3.0,0.0,39.0,1.0,Kulwant Khejroliya,2.0,0.0,27.0,1.0,"Eden Gardens, Kolkata",158.0,25.26,8.14,30.14,123.42,27.39,129.78,24.12,7.56,19.1,43.4,10.76,24.2
1359507,1.0,CSK,18,18.5,6.0,1.0,0.0,0.0,0.0,CSK,90.11,Rahane,CSK,Kolkata Knight Riders,field first,Ajinkya Rahane,69.0,28.0,5.0,5.0,Ravindra Jadeja,4.0,4.0,0.0,0.0,Varun Chakravarthy,3.0,0.0,45.0,1.0,Kulwant Khejroliya,2.0,0.0,27.0,1.0,"Eden Gardens, Kolkata",158.0,25.26,8.14,30.14,123.42,27.39,129.78,24.12,7.56,19.1,43.4,10.76,24.2
1359507,1.0,CSK,18,18.6,4.0,1.0,0.0,0.0,0.0,CSK,90.11,Rahane,CSK,Kolkata Knight Riders,field first,Ajinkya Rahane,73.0,29.0,6.0,5.0,Ravindra Jadeja,4.0,4.0,0.0,0.0,Varun Chakravarthy,4.0,0.0,49.0,1.0,Kulwant Khejroliya,2.0,0.0,27.0,1.0,"Eden Gardens, Kolkata",158.0,25.26,8.14,30.14,123.42,27.39,129.78,24.12,7.56,19.1,43.4,10.76,24.2
1359507,1.0,CSK,19,19.1,6.0,1.0,0.0,0.0,0.0,CSK,93.55,Jadeja,CSK,Kolkata Knight Riders,field first,Ajinkya Rahane,73.0,29.0,6.0,5.0,Ravindra Jadeja,10.0,5.0,0.0,1.0,Kulwant Khejroliya,2.0,0.0,33.0,1.0,Varun Chakravarthy,4.0,0.0,49.0,1.0,"Eden Gardens, Kolkata",158.0,25.26,8.14,30.14,123.42,27.39,129.78,43.4,10.76,24.2,24.12,7.56,19.1
1359507,1.0,CSK,19,19.2,2.0,0.0,0.0,0.0,0.0,CSK,93.55,Jadeja,CSK,Kolkata Knight Riders,field first,Ajinkya Rahane,73.0,29.0,6.0,5.0,Ravindra Jadeja,12.0,6.0,0.0,1.0,Kulwant Khejroliya,2.0,0.0,35.0,1.0,Varun Chakravarthy,4.0,0.0,49.0,1.0,"Eden Gardens, Kolkata",158.0,25.26,8.14,30.14,123.42,27.39,129.78,43.4,10.76,24.2,24.12,7.56,19.1
1359507,1.0,CSK,19,19.3,6.0,1.0,0.0,0.0,0.0,CSK,93.55,Jadeja,CSK,Kolkata Knight Riders,field first,Ajinkya Rahane,73.0,29.0,6.0,5.0,Ravindra Jadeja,18.0,7.0,0.0,2.0,Kulwant Khejroliya,2.0,0.0,41.0,1.0,Varun Chakravarthy,4.0,0.0,49.0,1.0,"Eden Gardens, Kolkata",158.0,25.26,8.14,30.14,123.42,27.39,129.78,43.4,10.76,24.2,24.12,7.56,19.1
1359507,1.0,CSK,19,19.4,0.0,0.0,0.0,1.0,0.0,CSK,93.55,Jadeja,CSK,Kolkata Knight Riders,field first,Ajinkya Rahane,73.0,29.0,6.0,5.0,,0.0,0.0,0.0,0.0,Kulwant Khejroliya,2.0,0.0,41.0,2.0,Varun Chakravarthy,4.0,0.0,49.0,1.0,"Eden Gardens, Kolkata",158.0,25.26,8.14,30.14,123.42,0.0,0.0,43.4,10.76,24.2,24.12,7.56,19.1
1359507,1.0,CSK,19,19.5,0.0,0.0,1.0,0.0,0.0,CSK,93.55,Dhoni,CSK,Kolkata Knight Riders,field first,Ajinkya Rahane,73.0,29.0,6.0,5.0,MS Dhoni (c),1.0,2.0,0.0,0.0,Kulwant Khejroliya,3.0,0.0,42.0,2.0,Varun Chakravarthy,4.0,0.0,49.0,1.0,"Eden Gardens, Kolkata",158.0,25.26,8.14,30.14,123.42,39.12,137.53,43.4,10.76,24.2,24.12,7.56,19.1
1359507,1.0,CSK,19,19.5,1.0,0.0,0.0,0.0,1.0,CSK,93.55,Dhoni,CSK,Kolkata Knight Riders,field first,Ajinkya Rahane,73.0,29.0,6.0,5.0,MS Dhoni (c),1.0,1.0,0.0,0.0,Kulwant Khejroliya,2.0,0.0,42.0,2.0,Varun Chakravarthy,4.0,0.0,49.0,1.0,"Eden Gardens, Kolkata",158.0,25.26,8.14,30.14,123.42,39.12,137.53,43.4,10.76,24.2,24.12,7.56,19.1
1359507,1.0,CSK,19,19.6,2.0,0.0,0.0,0.0,0.0,CSK,93.55,Dhoni,CSK,Kolkata Knight Riders,field first,Ajinkya Rahane,73.0,29.0,6.0,5.0,MS Dhoni (c),3.0,3.0,0.0,0.0,Kulwant Khejroliya,3.0,0.0,44.0,2.0,Varun Chakravarthy,4.0,0.0,49.0,1.0,"Eden Gardens, Kolkata",158.0,25.26,8.14,30.14,123.42,39.12,137.53,43.4,10.76,24.2,24.12,7.56,19.1
1359507,1.0,CSK,20,0.0,,,,,,CSK,94.82,,CSK,Kolkata Knight Riders,field first,,,,,,,,,,,,,,,,,,,,,"Eden Gardens, Kolkata",158.0,25.26,8.14,0.0,0.0,0.0,0.0,0.0,0.0,0.0,0.0,0.0,0.0
1359507,2.0,KKR,0,0.1,1.0,0.0,0.0,0.0,0.0,,,Jagadeesan,CSK,Kolkata Knight Riders,field first,Narayan Jagadeesan ,1.0,1.0,0.0,0.0,,0.0,0.0,0.0,0.0,Akash Singh,0.0,0.0,1.0,0.0,,0.0,0.0,0.0,0.0,,,,,18.00,110.20,0.0,0.0,45.4,9.86,27.6,0.0,0.0,0.0
1359507,2.0,KKR,0,0.2,0.0,0.0,1.0,0.0,0.0,,,Narine,CSK,Kolkata Knight Riders,field first,Narayan Jagadeesan ,1.0,1.0,0.0,0.0,Sunil Narine,0.0,1.0,0.0,0.0,Akash Singh,0.0,0.0,1.0,0.0,,0.0,0.0,0.0,0.0,,,,,18.00,110.20,17.04,165.83,45.4,9.86,27.6,0.0,0.0,0.0
1359507,2.0,KKR,0,0.3,0.0,0.0,1.0,0.0,0.0,,,Narine,CSK,Kolkata Knight Riders,field first,Narayan Jagadeesan ,1.0,1.0,0.0,0.0,Sunil Narine,0.0,2.0,0.0,0.0,Akash Singh,0.0,0.0,1.0,0.0,,0.0,0.0,0.0,0.0,,,,,18.00,110.20,17.04,165.83,45.4,9.86,27.6,0.0,0.0,0.0
1359507,2.0,KKR,0,0.4,0.0,0.0,0.0,1.0,0.0,,,Narine,CSK,Kolkata Knight Riders,field first,Narayan Jagadeesan ,1.0,1.0,0.0,0.0,,0.0,0.0,0.0,0.0,Akash Singh,0.0,0.0,1.0,1.0,,0.0,0.0,0.0,0.0,,,,,18.00,110.20,0.0,0.0,45.4,9.86,27.6,0.0,0.0,0.0
1359507,2.0,KKR,0,0.5,0.0,0.0,1.0,0.0,0.0,,,Venkatesh Iyer,CSK,Kolkata Knight Riders,field first,Narayan Jagadeesan ,1.0,1.0,0.0,0.0,Venkatesh Iyer,0.0,1.0,0.0,0.0,Akash Singh,0.0,0.0,1.0,1.0,,0.0,0.0,0.0,0.0,,,,,18.00,110.20,31.57,137.12,45.4,9.86,27.6,0.0,0.0,0.0
1359507,2.0,KKR,0,0.6,0.0,0.0,1.0,0.0,0.0,,,Venkatesh Iyer,CSK,Kolkata Knight Riders,field first,Narayan Jagadeesan ,1.0,1.0,0.0,0.0,Venkatesh Iyer,0.0,2.0,0.0,0.0,Akash Singh,1.0,0.0,1.0,1.0,,0.0,0.0,0.0,0.0,,,,,18.00,110.20,31.57,137.12,45.4,9.86,27.6,0.0,0.0,0.0
1359507,2.0,KKR,1,1.1,0.0,0.0,1.0,0.0,0.0,CSK,97.28,Jagadeesan,CSK,Kolkata Knight Riders,field first,Narayan Jagadeesan ,1.0,2.0,0.0,0.0,Venkatesh Iyer,0.0,2.0,0.0,0.0,Tushar Deshpande,0.0,0.0,0.0,0.0,Akash Singh,1.0,0.0,1.0,1.0,"Eden Gardens, Kolkata",158.0,25.26,8.14,18.00,110.20,31.57,137.12,29.59,9.64,18.4,45.4,9.86,27.6
1359507,2.0,KKR,1,1.2,0.0,0.0,0.0,1.0,0.0,CSK,97.28,Jagadeesan,CSK,Kolkata Knight Riders,field first,Venkatesh Iyer,0.0,2.0,0.0,0.0,,0.0,0.0,0.0,0.0,Tushar Deshpande,0.0,0.0,0.0,1.0,Akash Singh,1.0,0.0,1.0,1.0,"Eden Gardens, Kolkata",158.0,25.26,8.14,31.57,137.12,0.0,0.0,29.59,9.64,18.4,45.4,9.86,27.6
1359507,2.0,KKR,1,1.3,1.0,0.0,0.0,0.0,1.0,CSK,97.28,Rana,CSK,Kolkata Knight Riders,field first,Venkatesh Iyer,0.0,2.0,0.0,0.0,Nitish Rana (c),1.0,1.0,0.0,0.0,Tushar Deshpande,0.0,0.0,0.0,1.0,Akash Singh,1.0,0.0,1.0,1.0,"Eden Gardens, Kolkata",158.0,25.26,8.14,31.57,137.12,28.65,135.04,29.59,9.64,18.4,45.4,9.86,27.6
1359507,2.0,KKR,1,1.4,1.0,0.0,0.0,0.0,0.0,CSK,97.28,Venkatesh Iyer,CSK,Kolkata Knight Riders,field first,Venkatesh Iyer,1.0,3.0,0.0,0.0,Nitish Rana (c),1.0,1.0,0.0,0.0,Tushar Deshpande,0.0,0.0,1.0,1.0,Akash Singh,1.0,0.0,1.0,1.0,"Eden Gardens, Kolkata",158.0,25.26,8.14,31.57,137.12,28.65,135.04,29.59,9.64,18.4,45.4,9.86,27.6
1359507,2.0,KKR,1,1.5,0.0,0.0,1.0,0.0,0.0,CSK,97.28,Rana,CSK,Kolkata Knight Riders,field first,Venkatesh Iyer,1.0,3.0,0.0,0.0,Nitish Rana (c),1.0,2.0,0.0,0.0,Tushar Deshpande,0.0,0.0,1.0,1.0,Akash Singh,1.0,0.0,1.0,1.0,"Eden Gardens, Kolkata",158.0,25.26,8.14,31.57,137.12,28.65,135.04,29.59,9.64,18.4,45.4,9.86,27.6
1359507,2.0,KKR,1,1.6,6.0,1.0,0.0,0.0,0.0,CSK,97.28,Rana,CSK,Kolkata Knight Riders,field first,Venkatesh Iyer,1.0,3.0,0.0,0.0,Nitish Rana (c),7.0,3.0,0.0,1.0,Tushar Deshpande,1.0,0.0,7.0,1.0,Akash Singh,1.0,0.0,1.0,1.0,"Eden Gardens, Kolkata",158.0,25.26,8.14,31.57,137.12,28.65,135.04,29.59,9.64,18.4,45.4,9.86,27.6
1359507,2.0,KKR,2,2.1,0.0,0.0,1.0,0.0,0.0,CSK,98.07,Venkatesh Iyer,CSK,Kolkata Knight Riders,field first,Venkatesh Iyer,1.0,4.0,0.0,0.0,Nitish Rana (c),7.0,3.0,0.0,1.0,Akash Singh,1.0,0.0,1.0,1.0,Tushar Deshpande,1.0,0.0,7.0,1.0,"Eden Gardens, Kolkata",158.0,25.26,8.14,31.57,137.12,28.65,135.04,45.4,9.86,27.6,29.59,9.64,18.4
1359507,2.0,KKR,2,2.2,0.0,0.0,1.0,0.0,0.0,CSK,98.07,Venkatesh Iyer,CSK,Kolkata Knight Riders,field first,Venkatesh Iyer,1.0,5.0,0.0,0.0,Nitish Rana (c),7.0,3.0,0.0,1.0,Akash Singh,1.0,0.0,1.0,1.0,Tushar Deshpande,1.0,0.0,7.0,1.0,"Eden Gardens, Kolkata",158.0,25.26,8.14,31.57,137.12,28.65,135.04,45.4,9.86,27.6,29.59,9.64,18.4
1359507,2.0,KKR,2,2.3,0.0,0.0,1.0,0.0,0.0,CSK,98.07,Venkatesh Iyer,CSK,Kolkata Knight Riders,field first,Venkatesh Iyer,1.0,6.0,0.0,0.0,Nitish Rana (c),7.0,3.0,0.0,1.0,Akash Singh,1.0,0.0,1.0,1.0,Tushar Deshpande,1.0,0.0,7.0,1.0,"Eden Gardens, Kolkata",158.0,25.26,8.14,31.57,137.12,28.65,135.04,45.4,9.86,27.6,29.59,9.64,18.4
1359507,2.0,KKR,2,2.4,6.0,1.0,0.0,0.0,0.0,CSK,98.07,Venkatesh Iyer,CSK,Kolkata Knight Riders,field first,Venkatesh Iyer,7.0,7.0,0.0,1.0,Nitish Rana (c),7.0,3.0,0.0,1.0,Akash Singh,1.0,0.0,7.0,1.0,Tushar Deshpande,1.0,0.0,7.0,1.0,"Eden Gardens, Kolkata",158.0,25.26,8.14,31.57,137.12,28.65,135.04,45.4,9.86,27.6,29.59,9.64,18.4
1359507,2.0,KKR,2,2.5,4.0,1.0,0.0,0.0,0.0,CSK,98.07,Venkatesh Iyer,CSK,Kolkata Knight Riders,field first,Venkatesh Iyer,11.0,8.0,1.0,1.0,Nitish Rana (c),7.0,3.0,0.0,1.0,Akash Singh,1.0,0.0,11.0,1.0,Tushar Deshpande,1.0,0.0,7.0,1.0,"Eden Gardens, Kolkata",158.0,25.26,8.14,31.57,137.12,28.65,135.04,45.4,9.86,27.6,29.59,9.64,18.4
1359507,2.0,KKR,2,2.6,0.0,0.0,1.0,0.0,0.0,CSK,98.07,Venkatesh Iyer,CSK,Kolkata Knight Riders,field first,Venkatesh Iyer,12.0,9.0,1.0,1.0,Nitish Rana (c),7.0,3.0,0.0,1.0,Akash Singh,2.0,0.0,12.0,1.0,Tushar Deshpande,1.0,0.0,7.0,1.0,"Eden Gardens, Kolkata",158.0,25.26,8.14,31.57,137.12,28.65,135.04,45.4,9.86,27.6,29.59,9.64,18.4
1359507,2.0,KKR,2,2.6,1.0,0.0,0.0,0.0,1.0,CSK,98.07,Venkatesh Iyer,CSK,Kolkata Knight Riders,field first,Venkatesh Iyer,12.0,8.0,1.0,1.0,Nitish Rana (c),7.0,3.0,0.0,1.0,Akash Singh,1.0,0.0,12.0,1.0,Tushar Deshpande,1.0,0.0,7.0,1.0,"Eden Gardens, Kolkata",158.0,25.26,8.14,31.57,137.12,28.65,135.04,45.4,9.86,27.6,29.59,9.64,18.4
1359507,2.0,KKR,3,3.1,0.0,0.0,1.0,0.0,0.0,CSK,97.74,Rana,CSK,Kolkata Knight Riders,field first,Venkatesh Iyer,12.0,9.0,1.0,1.0,Nitish Rana (c),7.0,4.0,0.0,1.0,Tushar Deshpande,1.0,0.0,7.0,1.0,Akash Singh,2.0,0.0,12.0,1.0,"Eden Gardens, Kolkata",158.0,25.26,8.14,31.57,137.12,28.65,135.04,29.59,9.64,18.4,45.4,9.86,27.6
1359507,2.0,KKR,3,3.2,4.0,1.0,0.0,0.0,0.0,CSK,97.74,Rana,CSK,Kolkata Knight Riders,field first,Venkatesh Iyer,12.0,9.0,1.0,1.0,Nitish Rana (c),11.0,5.0,1.0,1.0,Tushar Deshpande,1.0,0.0,11.0,1.0,Akash Singh,2.0,0.0,12.0,1.0,"Eden Gardens, Kolkata",158.0,25.26,8.14,31.57,137.12,28.65,135.04,29.59,9.64,18.4,45.4,9.86,27.6
1359507,2.0,KKR,3,3.3,0.0,0.0,1.0,0.0,0.0,CSK,97.74,Rana,CSK,Kolkata Knight Riders,field first,Venkatesh Iyer,12.0,9.0,1.0,1.0,Nitish Rana (c),11.0,6.0,1.0,1.0,Tushar Deshpande,1.0,0.0,11.0,1.0,Akash Singh,2.0,0.0,12.0,1.0,"Eden Gardens, Kolkata",158.0,25.26,8.14,31.57,137.12,28.65,135.04,29.59,9.64,18.4,45.4,9.86,27.6
1359507,2.0,KKR,3,3.4,0.0,0.0,1.0,0.0,0.0,CSK,97.74,Rana,CSK,Kolkata Knight Riders,field first,Venkatesh Iyer,12.0,9.0,1.0,1.0,Nitish Rana (c),11.0,7.0,1.0,1.0,Tushar Deshpande,1.0,0.0,11.0,1.0,Akash Singh,2.0,0.0,12.0,1.0,"Eden Gardens, Kolkata",158.0,25.26,8.14,31.57,137.12,28.65,135.04,29.59,9.64,18.4,45.4,9.86,27.6
1359507,2.0,KKR,3,3.5,0.0,0.0,1.0,0.0,0.0,CSK,97.74,Rana,CSK,Kolkata Knight Riders,field first,Venkatesh Iyer,12.0,9.0,1.0,1.0,Nitish Rana (c),11.0,8.0,1.0,1.0,Tushar Deshpande,1.0,0.0,11.0,1.0,Akash Singh,2.0,0.0,12.0,1.0,"Eden Gardens, Kolkata",158.0,25.26,8.14,31.57,137.12,28.65,135.04,29.59,9.64,18.4,45.4,9.86,27.6
1359507,2.0,KKR,3,3.6,0.0,0.0,1.0,0.0,0.0,CSK,97.74,Rana,CSK,Kolkata Knight Riders,field first,Venkatesh Iyer,12.0,9.0,1.0,1.0,Nitish Rana (c),11.0,9.0,1.0,1.0,Tushar Deshpande,2.0,0.0,11.0,1.0,Akash Singh,2.0,0.0,12.0,1.0,"Eden Gardens, Kolkata",158.0,25.26,8.14,31.57,137.12,28.65,135.04,29.59,9.64,18.4,45.4,9.86,27.6
1359507,2.0,KKR,4,4.1,0.0,0.0,1.0,0.0,0.0,CSK,98.41,Venkatesh Iyer,CSK,Kolkata Knight Riders,field first,Venkatesh Iyer,12.0,10.0,1.0,1.0,Nitish Rana (c),11.0,9.0,1.0,1.0,Akash Singh,2.0,0.0,12.0,1.0,Tushar Deshpande,2.0,0.0,11.0,1.0,"Eden Gardens, Kolkata",158.0,25.26,8.14,31.57,137.12,28.65,135.04,45.4,9.86,27.6,29.59,9.64,18.4
1359507,2.0,KKR,4,4.2,0.0,0.0,1.0,0.0,0.0,CSK,98.41,Venkatesh Iyer,CSK,Kolkata Knight Riders,field first,Venkatesh Iyer,12.0,11.0,1.0,1.0,Nitish Rana (c),11.0,9.0,1.0,1.0,Akash Singh,2.0,0.0,12.0,1.0,Tushar Deshpande,2.0,0.0,11.0,1.0,"Eden Gardens, Kolkata",158.0,25.26,8.14,31.57,137.12,28.65,135.04,45.4,9.86,27.6,29.59,9.64,18.4
1359507,2.0,KKR,4,4.3,4.0,1.0,0.0,0.0,0.0,CSK,98.41,Venkatesh Iyer,CSK,Kolkata Knight Riders,field first,Venkatesh Iyer,16.0,12.0,2.0,1.0,Nitish Rana (c),11.0,9.0,1.0,1.0,Akash Singh,2.0,0.0,16.0,1.0,Tushar Deshpande,2.0,0.0,11.0,1.0,"Eden Gardens, Kolkata",158.0,25.26,8.14,31.57,137.12,28.65,135.04,45.4,9.86,27.6,29.59,9.64,18.4
1359507,2.0,KKR,4,4.4,0.0,0.0,1.0,0.0,0.0,CSK,98.41,Venkatesh Iyer,CSK,Kolkata Knight Riders,field first,Venkatesh Iyer,16.0,13.0,2.0,1.0,Nitish Rana (c),11.0,9.0,1.0,1.0,Akash Singh,2.0,0.0,16.0,1.0,Tushar Deshpande,2.0,0.0,11.0,1.0,"Eden Gardens, Kolkata",158.0,25.26,8.14,31.57,137.12,28.65,135.04,45.4,9.86,27.6,29.59,9.64,18.4
1359507,2.0,KKR,4,4.5,1.0,0.0,0.0,0.0,0.0,CSK,98.41,Venkatesh Iyer,CSK,Kolkata Knight Riders,field first,Venkatesh Iyer,17.0,14.0,2.0,1.0,Nitish Rana (c),11.0,9.0,1.0,1.0,Akash Singh,2.0,0.0,17.0,1.0,Tushar Deshpande,2.0,0.0,11.0,1.0,"Eden Gardens, Kolkata",158.0,25.26,8.14,31.57,137.12,28.65,135.04,45.4,9.86,27.6,29.59,9.64,18.4
1359507,2.0,KKR,4,4.6,4.0,1.0,0.0,0.0,0.0,CSK,98.41,Rana,CSK,Kolkata Knight Riders,field first,Venkatesh Iyer,17.0,14.0,2.0,1.0,Nitish Rana (c),15.0,10.0,2.0,1.0,Akash Singh,3.0,0.0,21.0,1.0,Tushar Deshpande,2.0,0.0,11.0,1.0,"Eden Gardens, Kolkata",158.0,25.26,8.14,31.57,137.12,28.65,135.04,45.4,9.86,27.6,29.59,9.64,18.4
1359507,2.0,KKR,5,5.1,1.0,0.0,0.0,0.0,0.0,CSK,98.68,Venkatesh Iyer,CSK,Kolkata Knight Riders,field first,Venkatesh Iyer,18.0,15.0,2.0,1.0,Nitish Rana (c),15.0,10.0,2.0,1.0,Maheesh Theekshana,0.0,0.0,1.0,0.0,Akash Singh,3.0,0.0,21.0,1.0,"Eden Gardens, Kolkata",158.0,25.26,8.14,31.57,137.12,28.65,135.04,31.88,7.66,24.9,45.4,9.86,27.6
1359507,2.0,KKR,5,5.2,1.0,0.0,0.0,0.0,0.0,CSK,98.68,Rana,CSK,Kolkata Knight Riders,field first,Venkatesh Iyer,18.0,15.0,2.0,1.0,Nitish Rana (c),17.0,11.0,2.0,1.0,Maheesh Theekshana,0.0,0.0,3.0,0.0,Akash Singh,3.0,0.0,21.0,1.0,"Eden Gardens, Kolkata",158.0,25.26,8.14,31.57,137.12,28.65,135.04,31.88,7.66,24.9,45.4,9.86,27.6
1359507,2.0,KKR,5,5.2,1.0,0.0,0.0,0.0,1.0,CSK,98.68,Rana,CSK,Kolkata Knight Riders,field first,Venkatesh Iyer,18.0,15.0,2.0,1.0,Nitish Rana (c),16.0,10.0,2.0,1.0,Maheesh Theekshana,0.0,0.0,2.0,0.0,Akash Singh,3.0,0.0,21.0,1.0,"Eden Gardens, Kolkata",158.0,25.26,8.14,31.57,137.12,28.65,135.04,31.88,7.66,24.9,45.4,9.86,27.6
1359507,2.0,KKR,5,5.3,0.0,0.0,1.0,0.0,0.0,CSK,98.68,Venkatesh Iyer,CSK,Kolkata Knight Riders,field first,Venkatesh Iyer,18.0,16.0,2.0,1.0,Nitish Rana (c),17.0,11.0,2.0,1.0,Maheesh Theekshana,0.0,0.0,3.0,0.0,Akash Singh,3.0,0.0,21.0,1.0,"Eden Gardens, Kolkata",158.0,25.26,8.14,31.57,137.12,28.65,135.04,31.88,7.66,24.9,45.4,9.86,27.6
1359507,2.0,KKR,5,5.4,1.0,0.0,0.0,0.0,0.0,CSK,98.68,Venkatesh Iyer,CSK,Kolkata Knight Riders,field first,Venkatesh Iyer,19.0,17.0,2.0,1.0,Nitish Rana (c),17.0,11.0,2.0,1.0,Maheesh Theekshana,0.0,0.0,4.0,0.0,Akash Singh,3.0,0.0,21.0,1.0,"Eden Gardens, Kolkata",158.0,25.26,8.14,31.57,137.12,28.65,135.04,31.88,7.66,24.9,45.4,9.86,27.6
1359507,2.0,KKR,5,5.5,0.0,0.0,1.0,0.0,0.0,CSK,98.68,Rana,CSK,Kolkata Knight Riders,field first,Venkatesh Iyer,19.0,17.0,2.0,1.0,Nitish Rana (c),17.0,12.0,2.0,1.0,Maheesh Theekshana,0.0,0.0,4.0,0.0,Akash Singh,3.0,0.0,21.0,1.0,"Eden Gardens, Kolkata",158.0,25.26,8.14,31.57,137.12,28.65,135.04,31.88,7.66,24.9,45.4,9.86,27.6
1359507,2.0,KKR,5,5.6,1.0,0.0,0.0,0.0,0.0,CSK,98.68,Rana,CSK,Kolkata Knight Riders,field first,Venkatesh Iyer,19.0,17.0,2.0,1.0,Nitish Rana (c),18.0,13.0,2.0,1.0,Maheesh Theekshana,1.0,0.0,5.0,0.0,Akash Singh,3.0,0.0,21.0,1.0,"Eden Gardens, Kolkata",158.0,25.26,8.14,31.57,137.12,28.65,135.04,31.88,7.66,24.9,45.4,9.86,27.6
1359507,2.0,KKR,6,6.1,4.0,1.0,0.0,0.0,0.0,CSK,99.24,Rana,CSK,Kolkata Knight Riders,field first,Venkatesh Iyer,19.0,17.0,2.0,1.0,Nitish Rana (c),22.0,14.0,3.0,1.0,Akash Singh,3.0,0.0,25.0,1.0,Maheesh Theekshana,1.0,0.0,5.0,0.0,"Eden Gardens, Kolkata",158.0,25.26,8.14,31.57,137.12,28.65,135.04,45.4,9.86,27.6,31.88,7.66,24.9
1359507,2.0,KKR,6,6.2,0.0,0.0,1.0,0.0,0.0,CSK,99.24,Rana,CSK,Kolkata Knight Riders,field first,Venkatesh Iyer,19.0,17.0,2.0,1.0,Nitish Rana (c),22.0,15.0,3.0,1.0,Akash Singh,3.0,0.0,25.0,1.0,Maheesh Theekshana,1.0,0.0,5.0,0.0,"Eden Gardens, Kolkata",158.0,25.26,8.14,31.57,137.12,28.65,135.04,45.4,9.86,27.6,31.88,7.66,24.9
1359507,2.0,KKR,6,6.3,1.0,0.0,0.0,0.0,0.0,CSK,99.24,Rana,CSK,Kolkata Knight Riders,field first,Venkatesh Iyer,19.0,17.0,2.0,1.0,Nitish Rana (c),23.0,16.0,3.0,1.0,Akash Singh,3.0,0.0,26.0,1.0,Maheesh Theekshana,1.0,0.0,5.0,0.0,"Eden Gardens, Kolkata",158.0,25.26,8.14,31.57,137.12,28.65,135.04,45.4,9.86,27.6,31.88,7.66,24.9
1359507,2.0,KKR,6,6.4,1.0,0.0,0.0,0.0,0.0,CSK,99.24,Venkatesh Iyer,CSK,Kolkata Knight Riders,field first,Venkatesh Iyer,20.0,18.0,2.0,1.0,Nitish Rana (c),23.0,16.0,3.0,1.0,Akash Singh,3.0,0.0,27.0,1.0,Maheesh Theekshana,1.0,0.0,5.0,0.0,"Eden Gardens, Kolkata",158.0,25.26,8.14,31.57,137.12,28.65,135.04,45.4,9.86,27.6,31.88,7.66,24.9
1359507,2.0,KKR,6,6.5,1.0,0.0,0.0,0.0,0.0,CSK,99.24,Rana,CSK,Kolkata Knight Riders,field first,Venkatesh Iyer,20.0,18.0,2.0,1.0,Nitish Rana (c),24.0,17.0,3.0,1.0,Akash Singh,3.0,0.0,28.0,1.0,Maheesh Theekshana,1.0,0.0,5.0,0.0,"Eden Gardens, Kolkata",158.0,25.26,8.14,31.57,137.12,28.65,135.04,45.4,9.86,27.6,31.88,7.66,24.9
1359507,2.0,KKR,6,6.6,1.0,0.0,0.0,0.0,0.0,CSK,99.24,Venkatesh Iyer,CSK,Kolkata Knight Riders,field first,Venkatesh Iyer,21.0,19.0,2.0,1.0,Nitish Rana (c),24.0,17.0,3.0,1.0,Akash Singh,4.0,0.0,29.0,1.0,Maheesh Theekshana,1.0,0.0,5.0,0.0,"Eden Gardens, Kolkata",158.0,25.26,8.14,31.57,137.12,28.65,135.04,45.4,9.86,27.6,31.88,7.66,24.9
1359507,2.0,KKR,7,7.1,0.0,0.0,0.0,1.0,0.0,CSK,99.31,Venkatesh Iyer,CSK,Kolkata Knight Riders,field first,Nitish Rana (c),24.0,17.0,3.0,1.0,,0.0,0.0,0.0,0.0,Moeen Ali,0.0,0.0,0.0,1.0,Akash Singh,4.0,0.0,29.0,1.0,"Eden Gardens, Kolkata",158.0,25.26,8.14,28.65,135.04,0.0,0.0,25.51,7.06,21.6,45.4,9.86,27.6
1359507,2.0,KKR,7,7.2,1.0,0.0,0.0,0.0,0.0,CSK,99.31,Roy,CSK,Kolkata Knight Riders,field first,Nitish Rana (c),24.0,17.0,3.0,1.0,Jason Roy,1.0,1.0,0.0,0.0,Moeen Ali,0.0,0.0,1.0,1.0,Akash Singh,4.0,0.0,29.0,1.0,"Eden Gardens, Kolkata",158.0,25.26,8.14,28.65,135.04,32.31,138.60,25.51,7.06,21.6,45.4,9.86,27.6
1359507,2.0,KKR,7,7.3,1.0,0.0,0.0,0.0,0.0,CSK,99.31,Rana,CSK,Kolkata Knight Riders,field first,Nitish Rana (c),25.0,18.0,3.0,1.0,Jason Roy,1.0,1.0,0.0,0.0,Moeen Ali,0.0,0.0,2.0,1.0,Akash Singh,4.0,0.0,29.0,1.0,"Eden Gardens, Kolkata",158.0,25.26,8.14,28.65,135.04,32.31,138.60,25.51,7.06,21.6,45.4,9.86,27.6
1359507,2.0,KKR,7,7.4,6.0,1.0,0.0,0.0,0.0,CSK,99.31,Roy,CSK,Kolkata Knight Riders,field first,Nitish Rana (c),25.0,18.0,3.0,1.0,Jason Roy,7.0,2.0,0.0,1.0,Moeen Ali,0.0,0.0,8.0,1.0,Akash Singh,4.0,0.0,29.0,1.0,"Eden Gardens, Kolkata",158.0,25.26,8.14,28.65,135.04,32.31,138.60,25.51,7.06,21.6,45.4,9.86,27.6
1359507,2.0,KKR,7,7.5,6.0,1.0,0.0,0.0,0.0,CSK,99.31,Roy,CSK,Kolkata Knight Riders,field first,Nitish Rana (c),25.0,18.0,3.0,1.0,Jason Roy,13.0,3.0,0.0,2.0,Moeen Ali,0.0,0.0,14.0,1.0,Akash Singh,4.0,0.0,29.0,1.0,"Eden Gardens, Kolkata",158.0,25.26,8.14,28.65,135.04,32.31,138.60,25.51,7.06,21.6,45.4,9.86,27.6
1359507,2.0,KKR,7,7.6,6.0,1.0,0.0,0.0,0.0,CSK,99.31,Roy,CSK,Kolkata Knight Riders,field first,Nitish Rana (c),25.0,18.0,3.0,1.0,Jason Roy,19.0,4.0,0.0,3.0,Moeen Ali,1.0,0.0,20.0,1.0,Akash Singh,4.0,0.0,29.0,1.0,"Eden Gardens, Kolkata",158.0,25.26,8.14,28.65,135.04,32.31,138.60,25.51,7.06,21.6,45.4,9.86,27.6
1359507,2.0,KKR,8,8.1,4.0,1.0,0.0,0.0,0.0,CSK,97.6,Rana,CSK,Kolkata Knight Riders,field first,Nitish Rana (c),29.0,19.0,4.0,1.0,Jason Roy,19.0,4.0,0.0,3.0,Ravindra Jadeja,0.0,0.0,4.0,0.0,Moeen Ali,1.0,0.0,20.0,1.0,"Eden Gardens, Kolkata",158.0,25.26,8.14,28.65,135.04,32.31,138.60,30.4,7.62,23.9,25.51,7.06,21.6
1359507,2.0,KKR,8,8.2,0.0,0.0,0.0,1.0,0.0,CSK,97.6,Rana,CSK,Kolkata Knight Riders,field first,Jason Roy,19.0,4.0,0.0,3.0,,0.0,0.0,0.0,0.0,Ravindra Jadeja,0.0,0.0,4.0,1.0,Moeen Ali,1.0,0.0,20.0,1.0,"Eden Gardens, Kolkata",158.0,25.26,8.14,32.31,138.60,0.0,0.0,30.4,7.62,23.9,25.51,7.06,21.6
1359507,2.0,KKR,8,8.3,0.0,0.0,1.0,0.0,0.0,CSK,97.6,Rinku Singh,CSK,Kolkata Knight Riders,field first,Jason Roy,19.0,4.0,0.0,3.0,Rinku Singh,0.0,1.0,0.0,0.0,Ravindra Jadeja,0.0,0.0,4.0,1.0,Moeen Ali,1.0,0.0,20.0,1.0,"Eden Gardens, Kolkata",158.0,25.26,8.14,32.31,138.60,30.79,143.33,30.4,7.62,23.9,25.51,7.06,21.6
1359507,2.0,KKR,8,8.4,0.0,0.0,1.0,0.0,0.0,CSK,97.6,Rinku Singh,CSK,Kolkata Knight Riders,field first,Jason Roy,19.0,4.0,0.0,3.0,Rinku Singh,0.0,2.0,0.0,0.0,Ravindra Jadeja,0.0,0.0,4.0,1.0,Moeen Ali,1.0,0.0,20.0,1.0,"Eden Gardens, Kolkata",158.0,25.26,8.14,32.31,138.60,30.79,143.33,30.4,7.62,23.9,25.51,7.06,21.6
1359507,2.0,KKR,8,8.5,1.0,0.0,0.0,0.0,0.0,CSK,97.6,Rinku Singh,CSK,Kolkata Knight Riders,field first,Jason Roy,19.0,4.0,0.0,3.0,Rinku Singh,1.0,3.0,0.0,0.0,Ravindra Jadeja,0.0,0.0,5.0,1.0,Moeen Ali,1.0,0.0,20.0,1.0,"Eden Gardens, Kolkata",158.0,25.26,8.14,32.31,138.60,30.79,143.33,30.4,7.62,23.9,25.51,7.06,21.6
1359507,2.0,KKR,8,8.6,0.0,0.0,1.0,0.0,0.0,CSK,97.6,Roy,CSK,Kolkata Knight Riders,field first,Jason Roy,19.0,5.0,0.0,3.0,Rinku Singh,1.0,3.0,0.0,0.0,Ravindra Jadeja,1.0,0.0,5.0,1.0,Moeen Ali,1.0,0.0,20.0,1.0,"Eden Gardens, Kolkata",158.0,25.26,8.14,32.31,138.60,30.79,143.33,30.4,7.62,23.9,25.51,7.06,21.6
1359507,2.0,KKR,9,9.1,1.0,0.0,0.0,0.0,0.0,CSK,97.81,Rinku Singh,CSK,Kolkata Knight Riders,field first,Jason Roy,19.0,5.0,0.0,3.0,Rinku Singh,2.0,4.0,0.0,0.0,Matheesha Pathirana,0.0,0.0,1.0,0.0,Ravindra Jadeja,1.0,0.0,5.0,1.0,"Eden Gardens, Kolkata",158.0,25.26,8.14,32.31,138.60,30.79,143.33,17.41,7.87,13.2,30.4,7.62,23.9
1359507,2.0,KKR,9,9.2,0.0,0.0,1.0,0.0,0.0,CSK,97.81,Roy,CSK,Kolkata Knight Riders,field first,Jason Roy,19.0,6.0,0.0,3.0,Rinku Singh,2.0,4.0,0.0,0.0,Matheesha Pathirana,0.0,0.0,1.0,0.0,Ravindra Jadeja,1.0,0.0,5.0,1.0,"Eden Gardens, Kolkata",158.0,25.26,8.14,32.31,138.60,30.79,143.33,17.41,7.87,13.2,30.4,7.62,23.9
1359507,2.0,KKR,9,9.3,1.0,0.0,0.0,0.0,0.0,CSK,97.81,Roy,CSK,Kolkata Knight Riders,field first,Jason Roy,20.0,7.0,0.0,3.0,Rinku Singh,2.0,4.0,0.0,0.0,Matheesha Pathirana,0.0,0.0,2.0,0.0,Ravindra Jadeja,1.0,0.0,5.0,1.0,"Eden Gardens, Kolkata",158.0,25.26,8.14,32.31,138.60,30.79,143.33,17.41,7.87,13.2,30.4,7.62,23.9
1359507,2.0,KKR,9,9.4,0.0,0.0,1.0,0.0,0.0,CSK,97.81,Rinku Singh,CSK,Kolkata Knight Riders,field first,Jason Roy,20.0,7.0,0.0,3.0,Rinku Singh,3.0,5.0,0.0,0.0,Matheesha Pathirana,0.0,0.0,3.0,0.0,Ravindra Jadeja,1.0,0.0,5.0,1.0,"Eden Gardens, Kolkata",158.0,25.26,8.14,32.31,138.60,30.79,143.33,17.41,7.87,13.2,30.4,7.62,23.9
1359507,2.0,KKR,9,9.4,1.0,0.0,0.0,0.0,1.0,CSK,97.81,Rinku Singh,CSK,Kolkata Knight Riders,field first,Jason Roy,20.0,7.0,0.0,3.0,Rinku Singh,3.0,4.0,0.0,0.0,Matheesha Pathirana,0.0,0.0,3.0,0.0,Ravindra Jadeja,1.0,0.0,5.0,1.0,"Eden Gardens, Kolkata",158.0,25.26,8.14,32.31,138.60,30.79,143.33,17.41,7.87,13.2,30.4,7.62,23.9
1359507,2.0,KKR,9,9.5,1.0,0.0,0.0,0.0,0.0,CSK,97.81,Rinku Singh,CSK,Kolkata Knight Riders,field first,Jason Roy,20.0,7.0,0.0,3.0,Rinku Singh,4.0,6.0,0.0,0.0,Matheesha Pathirana,0.0,0.0,4.0,0.0,Ravindra Jadeja,1.0,0.0,5.0,1.0,"Eden Gardens, Kolkata",158.0,25.26,8.14,32.31,138.60,30.79,143.33,17.41,7.87,13.2,30.4,7.62,23.9
1359507,2.0,KKR,9,9.6,1.0,0.0,0.0,0.0,0.0,CSK,97.81,Roy,CSK,Kolkata Knight Riders,field first,Jason Roy,21.0,8.0,0.0,3.0,Rinku Singh,4.0,6.0,0.0,0.0,Matheesha Pathirana,1.0,0.0,5.0,0.0,Ravindra Jadeja,1.0,0.0,5.0,1.0,"Eden Gardens, Kolkata",158.0,25.26,8.14,32.31,138.60,30.79,143.33,17.41,7.87,13.2,30.4,7.62,23.9
1359507,2.0,KKR,10,10.1,6.0,1.0,0.0,0.0,0.0,CSK,99.49,Roy,CSK,Kolkata Knight Riders,field first,Jason Roy,27.0,9.0,0.0,4.0,Rinku Singh,4.0,6.0,0.0,0.0,Ravindra Jadeja,1.0,0.0,11.0,1.0,Matheesha Pathirana,1.0,0.0,5.0,0.0,"Eden Gardens, Kolkata",158.0,25.26,8.14,32.31,138.60,30.79,143.33,30.4,7.62,23.9,17.41,7.87,13.2
1359507,2.0,KKR,10,10.2,4.0,1.0,0.0,0.0,0.0,CSK,99.49,Roy,CSK,Kolkata Knight Riders,field first,Jason Roy,31.0,10.0,1.0,4.0,Rinku Singh,4.0,6.0,0.0,0.0,Ravindra Jadeja,1.0,0.0,15.0,1.0,Matheesha Pathirana,1.0,0.0,5.0,0.0,"Eden Gardens, Kolkata",158.0,25.26,8.14,32.31,138.60,30.79,143.33,30.4,7.62,23.9,17.41,7.87,13.2
1359507,2.0,KKR,10,10.3,1.0,0.0,0.0,0.0,0.0,CSK,99.49,Roy,CSK,Kolkata Knight Riders,field first,Jason Roy,32.0,11.0,1.0,4.0,Rinku Singh,4.0,6.0,0.0,0.0,Ravindra Jadeja,1.0,0.0,16.0,1.0,Matheesha Pathirana,1.0,0.0,5.0,0.0,"Eden Gardens, Kolkata",158.0,25.26,8.14,32.31,138.60,30.79,143.33,30.4,7.62,23.9,17.41,7.87,13.2
1359507,2.0,KKR,10,10.4,6.0,1.0,0.0,0.0,0.0,CSK,99.49,Rinku Singh,CSK,Kolkata Knight Riders,field first,Jason Roy,32.0,11.0,1.0,4.0,Rinku Singh,10.0,7.0,0.0,1.0,Ravindra Jadeja,1.0,0.0,22.0,1.0,Matheesha Pathirana,1.0,0.0,5.0,0.0,"Eden Gardens, Kolkata",158.0,25.26,8.14,32.31,138.60,30.79,143.33,30.4,7.62,23.9,17.41,7.87,13.2
1359507,2.0,KKR,10,10.5,1.0,0.0,0.0,0.0,0.0,CSK,99.49,Rinku Singh,CSK,Kolkata Knight Riders,field first,Jason Roy,32.0,11.0,1.0,4.0,Rinku Singh,11.0,8.0,0.0,1.0,Ravindra Jadeja,1.0,0.0,23.0,1.0,Matheesha Pathirana,1.0,0.0,5.0,0.0,"Eden Gardens, Kolkata",158.0,25.26,8.14,32.31,138.60,30.79,143.33,30.4,7.62,23.9,17.41,7.87,13.2
1359507,2.0,KKR,10,10.6,1.0,0.0,0.0,0.0,0.0,CSK,99.49,Roy,CSK,Kolkata Knight Riders,field first,Jason Roy,33.0,12.0,1.0,4.0,Rinku Singh,11.0,8.0,0.0,1.0,Ravindra Jadeja,2.0,0.0,24.0,1.0,Matheesha Pathirana,1.0,0.0,5.0,0.0,"Eden Gardens, Kolkata",158.0,25.26,8.14,32.31,138.60,30.79,143.33,30.4,7.62,23.9,17.41,7.87,13.2
1359507,2.0,KKR,11,11.1,4.0,1.0,0.0,0.0,0.0,CSK,98.81,Roy,CSK,Kolkata Knight Riders,field first,Jason Roy,37.0,13.0,2.0,4.0,Rinku Singh,11.0,8.0,0.0,1.0,Maheesh Theekshana,1.0,0.0,9.0,0.0,Ravindra Jadeja,2.0,0.0,24.0,1.0,"Eden Gardens, Kolkata",158.0,25.26,8.14,32.31,138.60,30.79,143.33,31.88,7.66,24.9,30.4,7.62,23.9
1359507,2.0,KKR,11,11.2,1.0,0.0,0.0,0.0,0.0,CSK,98.81,Roy,CSK,Kolkata Knight Riders,field first,Jason Roy,38.0,14.0,2.0,4.0,Rinku Singh,11.0,8.0,0.0,1.0,Maheesh Theekshana,1.0,0.0,10.0,0.0,Ravindra Jadeja,2.0,0.0,24.0,1.0,"Eden Gardens, Kolkata",158.0,25.26,8.14,32.31,138.60,30.79,143.33,31.88,7.66,24.9,30.4,7.62,23.9
1359507,2.0,KKR,11,11.3,1.0,0.0,0.0,0.0,0.0,CSK,98.81,Rinku Singh,CSK,Kolkata Knight Riders,field first,Jason Roy,38.0,14.0,2.0,4.0,Rinku Singh,12.0,9.0,0.0,1.0,Maheesh Theekshana,1.0,0.0,11.0,0.0,Ravindra Jadeja,2.0,0.0,24.0,1.0,"Eden Gardens, Kolkata",158.0,25.26,8.14,32.31,138.60,30.79,143.33,31.88,7.66,24.9,30.4,7.62,23.9
1359507,2.0,KKR,11,11.4,6.0,1.0,0.0,0.0,0.0,CSK,98.81,Roy,CSK,Kolkata Knight Riders,field first,Jason Roy,44.0,15.0,2.0,5.0,Rinku Singh,12.0,9.0,0.0,1.0,Maheesh Theekshana,1.0,0.0,17.0,0.0,Ravindra Jadeja,2.0,0.0,24.0,1.0,"Eden Gardens, Kolkata",158.0,25.26,8.14,32.31,138.60,30.79,143.33,31.88,7.66,24.9,30.4,7.62,23.9
1359507,2.0,KKR,11,11.5,1.0,0.0,0.0,0.0,0.0,CSK,98.81,Roy,CSK,Kolkata Knight Riders,field first,Jason Roy,45.0,16.0,2.0,5.0,Rinku Singh,12.0,9.0,0.0,1.0,Maheesh Theekshana,1.0,0.0,18.0,0.0,Ravindra Jadeja,2.0,0.0,24.0,1.0,"Eden Gardens, Kolkata",158.0,25.26,8.14,32.31,138.60,30.79,143.33,31.88,7.66,24.9,30.4,7.62,23.9
1359507,2.0,KKR,11,11.6,1.0,0.0,0.0,0.0,0.0,CSK,98.81,Rinku Singh,CSK,Kolkata Knight Riders,field first,Jason Roy,45.0,16.0,2.0,5.0,Rinku Singh,13.0,10.0,0.0,1.0,Maheesh Theekshana,2.0,0.0,19.0,0.0,Ravindra Jadeja,2.0,0.0,24.0,1.0,"Eden Gardens, Kolkata",158.0,25.26,8.14,32.31,138.60,30.79,143.33,31.88,7.66,24.9,30.4,7.62,23.9
1359507,2.0,KKR,12,12.1,1.0,0.0,0.0,0.0,0.0,CSK,98.47,Rinku Singh,CSK,Kolkata Knight Riders,field first,Jason Roy,45.0,16.0,2.0,5.0,Rinku Singh,14.0,11.0,0.0,1.0,Ravindra Jadeja,2.0,0.0,25.0,1.0,Maheesh Theekshana,2.0,0.0,19.0,0.0,"Eden Gardens, Kolkata",158.0,25.26,8.14,32.31,138.60,30.79,143.33,30.4,7.62,23.9,31.88,7.66,24.9
1359507,2.0,KKR,12,12.2,1.0,0.0,0.0,0.0,0.0,CSK,98.47,Roy,CSK,Kolkata Knight Riders,field first,Jason Roy,46.0,17.0,2.0,5.0,Rinku Singh,14.0,11.0,0.0,1.0,Ravindra Jadeja,2.0,0.0,26.0,1.0,Maheesh Theekshana,2.0,0.0,19.0,0.0,"Eden Gardens, Kolkata",158.0,25.26,8.14,32.31,138.60,30.79,143.33,30.4,7.62,23.9,31.88,7.66,24.9
1359507,2.0,KKR,12,12.3,0.0,0.0,1.0,0.0,0.0,CSK,98.47,Rinku Singh,CSK,Kolkata Knight Riders,field first,Jason Roy,46.0,17.0,2.0,5.0,Rinku Singh,14.0,12.0,0.0,1.0,Ravindra Jadeja,2.0,0.0,26.0,1.0,Maheesh Theekshana,2.0,0.0,19.0,0.0,"Eden Gardens, Kolkata",158.0,25.26,8.14,32.31,138.60,30.79,143.33,30.4,7.62,23.9,31.88,7.66,24.9
1359507,2.0,KKR,12,12.4,1.0,0.0,0.0,0.0,0.0,CSK,98.47,Rinku Singh,CSK,Kolkata Knight Riders,field first,Jason Roy,46.0,17.0,2.0,5.0,Rinku Singh,15.0,13.0,0.0,1.0,Ravindra Jadeja,2.0,0.0,27.0,1.0,Maheesh Theekshana,2.0,0.0,19.0,0.0,"Eden Gardens, Kolkata",158.0,25.26,8.14,32.31,138.60,30.79,143.33,30.4,7.62,23.9,31.88,7.66,24.9
1359507,2.0,KKR,12,12.5,1.0,0.0,0.0,0.0,0.0,CSK,98.47,Roy,CSK,Kolkata Knight Riders,field first,Jason Roy,47.0,18.0,2.0,5.0,Rinku Singh,15.0,13.0,0.0,1.0,Ravindra Jadeja,2.0,0.0,28.0,1.0,Maheesh Theekshana,2.0,0.0,19.0,0.0,"Eden Gardens, Kolkata",158.0,25.26,8.14,32.31,138.60,30.79,143.33,30.4,7.62,23.9,31.88,7.66,24.9
1359507,2.0,KKR,12,12.6,6.0,1.0,0.0,0.0,0.0,CSK,98.47,Rinku Singh,CSK,Kolkata Knight Riders,field first,Jason Roy,47.0,18.0,2.0,5.0,Rinku Singh,21.0,14.0,0.0,2.0,Ravindra Jadeja,3.0,0.0,34.0,1.0,Maheesh Theekshana,2.0,0.0,19.0,0.0,"Eden Gardens, Kolkata",158.0,25.26,8.14,32.31,138.60,30.79,143.33,30.4,7.62,23.9,31.88,7.66,24.9
1359507,2.0,KKR,13,13.1,4.0,1.0,0.0,0.0,0.0,CSK,99.16,Roy,CSK,Kolkata Knight Riders,field first,Jason Roy,52.0,19.0,3.0,5.0,Rinku Singh,21.0,14.0,0.0,2.0,Matheesha Pathirana,1.0,0.0,10.0,0.0,Ravindra Jadeja,3.0,0.0,34.0,1.0,"Eden Gardens, Kolkata",158.0,25.26,8.14,32.31,138.60,30.79,143.33,17.41,7.87,13.2,30.4,7.62,23.9
1359507,2.0,KKR,13,13.1,1.0,0.0,0.0,0.0,1.0,CSK,99.16,Roy,CSK,Kolkata Knight Riders,field first,Jason Roy,48.0,18.0,2.0,5.0,Rinku Singh,21.0,14.0,0.0,2.0,Matheesha Pathirana,1.0,0.0,6.0,0.0,Ravindra Jadeja,3.0,0.0,34.0,1.0,"Eden Gardens, Kolkata",158.0,25.26,8.14,32.31,138.60,30.79,143.33,17.41,7.87,13.2,30.4,7.62,23.9
1359507,2.0,KKR,13,13.2,0.0,0.0,1.0,0.0,0.0,CSK,99.16,Roy,CSK,Kolkata Knight Riders,field first,Jason Roy,52.0,20.0,3.0,5.0,Rinku Singh,21.0,14.0,0.0,2.0,Matheesha Pathirana,1.0,0.0,10.0,0.0,Ravindra Jadeja,3.0,0.0,34.0,1.0,"Eden Gardens, Kolkata",158.0,25.26,8.14,32.31,138.60,30.79,143.33,17.41,7.87,13.2,30.4,7.62,23.9
1359507,2.0,KKR,13,13.3,0.0,0.0,1.0,0.0,0.0,CSK,99.16,Roy,CSK,Kolkata Knight Riders,field first,Jason Roy,52.0,21.0,3.0,5.0,Rinku Singh,21.0,14.0,0.0,2.0,Matheesha Pathirana,1.0,0.0,10.0,0.0,Ravindra Jadeja,3.0,0.0,34.0,1.0,"Eden Gardens, Kolkata",158.0,25.26,8.14,32.31,138.60,30.79,143.33,17.41,7.87,13.2,30.4,7.62,23.9
1359507,2.0,KKR,13,13.4,1.0,0.0,0.0,0.0,0.0,CSK,99.16,Roy,CSK,Kolkata Knight Riders,field first,Jason Roy,53.0,22.0,3.0,5.0,Rinku Singh,21.0,14.0,0.0,2.0,Matheesha Pathirana,1.0,0.0,11.0,0.0,Ravindra Jadeja,3.0,0.0,34.0,1.0,"Eden Gardens, Kolkata",158.0,25.26,8.14,32.31,138.60,30.79,143.33,17.41,7.87,13.2,30.4,7.62,23.9
1359507,2.0,KKR,13,13.5,1.0,0.0,0.0,0.0,0.0,CSK,99.16,Rinku Singh,CSK,Kolkata Knight Riders,field first,Jason Roy,53.0,22.0,3.0,5.0,Rinku Singh,22.0,15.0,0.0,2.0,Matheesha Pathirana,1.0,0.0,12.0,0.0,Ravindra Jadeja,3.0,0.0,34.0,1.0,"Eden Gardens, Kolkata",158.0,25.26,8.14,32.31,138.60,30.79,143.33,17.41,7.87,13.2,30.4,7.62,23.9
1359507,2.0,KKR,13,13.6,1.0,0.0,0.0,0.0,0.0,CSK,99.16,Roy,CSK,Kolkata Knight Riders,field first,Jason Roy,54.0,23.0,3.0,5.0,Rinku Singh,22.0,15.0,0.0,2.0,Matheesha Pathirana,2.0,0.0,13.0,0.0,Ravindra Jadeja,3.0,0.0,34.0,1.0,"Eden Gardens, Kolkata",158.0,25.26,8.14,32.31,138.60,30.79,143.33,17.41,7.87,13.2,30.4,7.62,23.9
1359507,2.0,KKR,14,14.1,4.0,1.0,0.0,0.0,0.0,CSK,99.67,Roy,CSK,Kolkata Knight Riders,field first,Jason Roy,58.0,24.0,4.0,5.0,Rinku Singh,22.0,15.0,0.0,2.0,Maheesh Theekshana,2.0,0.0,23.0,0.0,Matheesha Pathirana,2.0,0.0,13.0,0.0,"Eden Gardens, Kolkata",158.0,25.26,8.14,32.31,138.60,30.79,143.33,31.88,7.66,24.9,17.41,7.87,13.2
1359507,2.0,KKR,14,14.2,4.0,1.0,0.0,0.0,0.0,CSK,99.67,Roy,CSK,Kolkata Knight Riders,field first,Jason Roy,62.0,25.0,5.0,5.0,Rinku Singh,22.0,15.0,0.0,2.0,Maheesh Theekshana,2.0,0.0,27.0,0.0,Matheesha Pathirana,2.0,0.0,13.0,0.0,"Eden Gardens, Kolkata",158.0,25.26,8.14,32.31,138.60,30.79,143.33,31.88,7.66,24.9,17.41,7.87,13.2
1359507,2.0,KKR,14,14.3,0.0,0.0,0.0,1.0,0.0,CSK,99.67,Roy,CSK,Kolkata Knight Riders,field first,Rinku Singh,22.0,15.0,0.0,2.0,,0.0,0.0,0.0,0.0,Maheesh Theekshana,2.0,0.0,27.0,1.0,Matheesha Pathirana,2.0,0.0,13.0,0.0,"Eden Gardens, Kolkata",158.0,25.26,8.14,30.79,143.33,0.0,0.0,31.88,7.66,24.9,17.41,7.87,13.2
1359507,2.0,KKR,14,14.4,0.0,0.0,1.0,0.0,0.0,CSK,99.67,Russell,CSK,Kolkata Knight Riders,field first,Rinku Singh,22.0,15.0,0.0,2.0,Andre Russell,0.0,1.0,0.0,0.0,Maheesh Theekshana,2.0,0.0,27.0,1.0,Matheesha Pathirana,2.0,0.0,13.0,0.0,"Eden Gardens, Kolkata",158.0,25.26,8.14,30.79,143.33,29.22,174.92,31.88,7.66,24.9,17.41,7.87,13.2
1359507,2.0,KKR,14,14.5,1.0,0.0,0.0,0.0,0.0,CSK,99.67,Russell,CSK,Kolkata Knight Riders,field first,Rinku Singh,22.0,15.0,0.0,2.0,Andre Russell,1.0,2.0,0.0,0.0,Maheesh Theekshana,2.0,0.0,28.0,1.0,Matheesha Pathirana,2.0,0.0,13.0,0.0,"Eden Gardens, Kolkata",158.0,25.26,8.14,30.79,143.33,29.22,174.92,31.88,7.66,24.9,17.41,7.87,13.2
1359507,2.0,KKR,14,14.6,1.0,0.0,0.0,0.0,0.0,CSK,99.67,Rinku Singh,CSK,Kolkata Knight Riders,field first,Rinku Singh,23.0,16.0,0.0,2.0,Andre Russell,1.0,2.0,0.0,0.0,Maheesh Theekshana,3.0,0.0,29.0,1.0,Matheesha Pathirana,2.0,0.0,13.0,0.0,"Eden Gardens, Kolkata",158.0,25.26,8.14,30.79,143.33,29.22,174.92,31.88,7.66,24.9,17.41,7.87,13.2
1359507,2.0,KKR,15,15.1,0.0,0.0,1.0,0.0,0.0,CSK,99.82,Rinku Singh,CSK,Kolkata Knight Riders,field first,Rinku Singh,23.0,17.0,0.0,2.0,Andre Russell,1.0,2.0,0.0,0.0,Tushar Deshpande,2.0,0.0,11.0,1.0,Maheesh Theekshana,3.0,0.0,29.0,1.0,"Eden Gardens, Kolkata",158.0,25.26,8.14,30.79,143.33,29.22,174.92,29.59,9.64,18.4,31.88,7.66,24.9
1359507,2.0,KKR,15,15.2,4.0,1.0,0.0,0.0,0.0,CSK,99.82,Rinku Singh,CSK,Kolkata Knight Riders,field first,Rinku Singh,28.0,18.0,1.0,2.0,Andre Russell,1.0,2.0,0.0,0.0,Tushar Deshpande,2.0,0.0,16.0,1.0,Maheesh Theekshana,3.0,0.0,29.0,1.0,"Eden Gardens, Kolkata",158.0,25.26,8.14,30.79,143.33,29.22,174.92,29.59,9.64,18.4,31.88,7.66,24.9
1359507,2.0,KKR,15,15.2,1.0,0.0,0.0,0.0,1.0,CSK,99.82,Rinku Singh,CSK,Kolkata Knight Riders,field first,Rinku Singh,24.0,17.0,0.0,2.0,Andre Russell,1.0,2.0,0.0,0.0,Tushar Deshpande,2.0,0.0,12.0,1.0,Maheesh Theekshana,3.0,0.0,29.0,1.0,"Eden Gardens, Kolkata",158.0,25.26,8.14,30.79,143.33,29.22,174.92,29.59,9.64,18.4,31.88,7.66,24.9
1359507,2.0,KKR,15,15.3,4.0,1.0,0.0,0.0,0.0,CSK,99.82,Rinku Singh,CSK,Kolkata Knight Riders,field first,Rinku Singh,32.0,19.0,2.0,2.0,Andre Russell,1.0,2.0,0.0,0.0,Tushar Deshpande,2.0,0.0,20.0,1.0,Maheesh Theekshana,3.0,0.0,29.0,1.0,"Eden Gardens, Kolkata",158.0,25.26,8.14,30.79,143.33,29.22,174.92,29.59,9.64,18.4,31.88,7.66,24.9
1359507,2.0,KKR,15,15.4,1.0,0.0,0.0,0.0,0.0,CSK,99.82,Rinku Singh,CSK,Kolkata Knight Riders,field first,Rinku Singh,33.0,20.0,2.0,2.0,Andre Russell,1.0,2.0,0.0,0.0,Tushar Deshpande,2.0,0.0,21.0,1.0,Maheesh Theekshana,3.0,0.0,29.0,1.0,"Eden Gardens, Kolkata",158.0,25.26,8.14,30.79,143.33,29.22,174.92,29.59,9.64,18.4,31.88,7.66,24.9
1359507,2.0,KKR,15,15.5,2.0,0.0,0.0,0.0,0.0,CSK,99.82,Russell,CSK,Kolkata Knight Riders,field first,Rinku Singh,33.0,20.0,2.0,2.0,Andre Russell,4.0,3.0,0.0,0.0,Tushar Deshpande,2.0,0.0,24.0,1.0,Maheesh Theekshana,3.0,0.0,29.0,1.0,"Eden Gardens, Kolkata",158.0,25.26,8.14,30.79,143.33,29.22,174.92,29.59,9.64,18.4,31.88,7.66,24.9
1359507,2.0,KKR,15,15.5,1.0,0.0,0.0,0.0,1.0,CSK,99.82,Russell,CSK,Kolkata Knight Riders,field first,Rinku Singh,33.0,20.0,2.0,2.0,Andre Russell,2.0,2.0,0.0,0.0,Tushar Deshpande,2.0,0.0,22.0,1.0,Maheesh Theekshana,3.0,0.0,29.0,1.0,"Eden Gardens, Kolkata",158.0,25.26,8.14,30.79,143.33,29.22,174.92,29.59,9.64,18.4,31.88,7.66,24.9
1359507,2.0,KKR,15,15.6,6.0,1.0,0.0,0.0,0.0,CSK,99.82,Russell,CSK,Kolkata Knight Riders,field first,Rinku Singh,33.0,20.0,2.0,2.0,Andre Russell,10.0,4.0,0.0,1.0,Tushar Deshpande,3.0,0.0,30.0,1.0,Maheesh Theekshana,3.0,0.0,29.0,1.0,"Eden Gardens, Kolkata",158.0,25.26,8.14,30.79,143.33,29.22,174.92,29.59,9.64,18.4,31.88,7.66,24.9
1359507,2.0,KKR,16,16.1,4.0,1.0,0.0,0.0,0.0,CSK,99.68,Rinku Singh,CSK,Kolkata Knight Riders,field first,Rinku Singh,38.0,21.0,3.0,2.0,Andre Russell,10.0,4.0,0.0,1.0,Matheesha Pathirana,2.0,0.0,18.0,0.0,Tushar Deshpande,3.0,0.0,30.0,1.0,"Eden Gardens, Kolkata",158.0,25.26,8.14,30.79,143.33,29.22,174.92,17.41,7.87,13.2,29.59,9.64,18.4
1359507,2.0,KKR,16,16.1,1.0,0.0,0.0,0.0,1.0,CSK,99.68,Rinku Singh,CSK,Kolkata Knight Riders,field first,Rinku Singh,34.0,20.0,2.0,2.0,Andre Russell,10.0,4.0,0.0,1.0,Matheesha Pathirana,2.0,0.0,14.0,0.0,Tushar Deshpande,3.0,0.0,30.0,1.0,"Eden Gardens, Kolkata",158.0,25.26,8.14,30.79,143.33,29.22,174.92,17.41,7.87,13.2,29.59,9.64,18.4
1359507,2.0,KKR,16,16.2,1.0,0.0,0.0,0.0,0.0,CSK,99.68,Rinku Singh,CSK,Kolkata Knight Riders,field first,Rinku Singh,39.0,22.0,3.0,2.0,Andre Russell,10.0,4.0,0.0,1.0,Matheesha Pathirana,2.0,0.0,19.0,0.0,Tushar Deshpande,3.0,0.0,30.0,1.0,"Eden Gardens, Kolkata",158.0,25.26,8.14,30.79,143.33,29.22,174.92,17.41,7.87,13.2,29.59,9.64,18.4
1359507,2.0,KKR,16,16.3,0.0,0.0,1.0,0.0,0.0,CSK,99.68,Russell,CSK,Kolkata Knight Riders,field first,Rinku Singh,39.0,22.0,3.0,2.0,Andre Russell,10.0,5.0,0.0,1.0,Matheesha Pathirana,2.0,0.0,19.0,0.0,Tushar Deshpande,3.0,0.0,30.0,1.0,"Eden Gardens, Kolkata",158.0,25.26,8.14,30.79,143.33,29.22,174.92,17.41,7.87,13.2,29.59,9.64,18.4
1359507,2.0,KKR,16,16.4,0.0,0.0,0.0,1.0,0.0,CSK,99.68,Russell,CSK,Kolkata Knight Riders,field first,Rinku Singh,39.0,22.0,3.0,2.0,,0.0,0.0,0.0,0.0,Matheesha Pathirana,2.0,0.0,19.0,1.0,Tushar Deshpande,3.0,0.0,30.0,1.0,"Eden Gardens, Kolkata",158.0,25.26,8.14,30.79,143.33,0.0,0.0,17.41,7.87,13.2,29.59,9.64,18.4
1359507,2.0,KKR,16,16.5,1.0,0.0,0.0,0.0,0.0,CSK,99.68,Wiese,CSK,Kolkata Knight Riders,field first,Rinku Singh,39.0,22.0,3.0,2.0,David Wiese,1.0,1.0,0.0,0.0,Matheesha Pathirana,2.0,0.0,20.0,1.0,Tushar Deshpande,3.0,0.0,30.0,1.0,"Eden Gardens, Kolkata",158.0,25.26,8.14,30.79,143.33,29.60,146.53,17.41,7.87,13.2,29.59,9.64,18.4
1359507,2.0,KKR,16,16.6,1.0,0.0,0.0,0.0,0.0,CSK,99.68,Rinku Singh,CSK,Kolkata Knight Riders,field first,Rinku Singh,40.0,23.0,3.0,2.0,David Wiese,1.0,1.0,0.0,0.0,Matheesha Pathirana,3.0,0.0,21.0,1.0,Tushar Deshpande,3.0,0.0,30.0,1.0,"Eden Gardens, Kolkata",158.0,25.26,8.14,30.79,143.33,29.60,146.53,17.41,7.87,13.2,29.59,9.64,18.4
1359507,2.0,KKR,17,17.1,6.0,1.0,0.0,0.0,0.0,CSK,99.94,Rinku Singh,CSK,Kolkata Knight Riders,field first,Rinku Singh,46.0,24.0,3.0,3.0,David Wiese,1.0,1.0,0.0,0.0,Tushar Deshpande,3.0,0.0,36.0,1.0,Matheesha Pathirana,3.0,0.0,21.0,1.0,"Eden Gardens, Kolkata",158.0,25.26,8.14,30.79,143.33,29.60,146.53,29.59,9.64,18.4,17.41,7.87,13.2
1359507,2.0,KKR,17,17.2,1.0,0.0,0.0,0.0,0.0,CSK,99.94,Rinku Singh,CSK,Kolkata Knight Riders,field first,Rinku Singh,47.0,25.0,3.0,3.0,David Wiese,1.0,1.0,0.0,0.0,Tushar Deshpande,3.0,0.0,37.0,1.0,Matheesha Pathirana,3.0,0.0,21.0,1.0,"Eden Gardens, Kolkata",158.0,25.26,8.14,30.79,143.33,29.60,146.53,29.59,9.64,18.4,17.41,7.87,13.2
1359507,2.0,KKR,17,17.3,0.0,0.0,0.0,1.0,0.0,CSK,99.94,Wiese,CSK,Kolkata Knight Riders,field first,Rinku Singh,47.0,25.0,3.0,3.0,,0.0,0.0,0.0,0.0,Tushar Deshpande,3.0,0.0,37.0,2.0,Matheesha Pathirana,3.0,0.0,21.0,1.0,"Eden Gardens, Kolkata",158.0,25.26,8.14,30.79,143.33,0.0,0.0,29.59,9.64,18.4,17.41,7.87,13.2
1359507,2.0,KKR,17,17.4,0.0,0.0,1.0,0.0,0.0,CSK,99.94,Umesh Yadav,CSK,Kolkata Knight Riders,field first,Rinku Singh,47.0,25.0,3.0,3.0,Umesh Yadav,0.0,1.0,0.0,0.0,Tushar Deshpande,3.0,0.0,37.0,2.0,Matheesha Pathirana,3.0,0.0,21.0,1.0,"Eden Gardens, Kolkata",158.0,25.26,8.14,30.79,143.33,9.90,103.48,29.59,9.64,18.4,17.41,7.87,13.2
1359507,2.0,KKR,17,17.5,2.0,0.0,0.0,0.0,0.0,CSK,99.94,Umesh Yadav,CSK,Kolkata Knight Riders,field first,Rinku Singh,47.0,25.0,3.0,3.0,Umesh Yadav,3.0,2.0,0.0,0.0,Tushar Deshpande,3.0,0.0,40.0,2.0,Matheesha Pathirana,3.0,0.0,21.0,1.0,"Eden Gardens, Kolkata",158.0,25.26,8.14,30.79,143.33,9.90,103.48,29.59,9.64,18.4,17.41,7.87,13.2
1359507,2.0,KKR,17,17.5,1.0,0.0,0.0,0.0,1.0,CSK,99.94,Umesh Yadav,CSK,Kolkata Knight Riders,field first,Rinku Singh,47.0,25.0,3.0,3.0,Umesh Yadav,1.0,1.0,0.0,0.0,Tushar Deshpande,3.0,0.0,38.0,2.0,Matheesha Pathirana,3.0,0.0,21.0,1.0,"Eden Gardens, Kolkata",158.0,25.26,8.14,30.79,143.33,9.90,103.48,29.59,9.64,18.4,17.41,7.87,13.2
1359507,2.0,KKR,17,17.6,2.0,0.0,0.0,0.0,0.0,CSK,99.94,Umesh Yadav,CSK,Kolkata Knight Riders,field first,Rinku Singh,47.0,25.0,3.0,3.0,Umesh Yadav,6.0,3.0,0.0,0.0,Tushar Deshpande,4.0,0.0,43.0,2.0,Matheesha Pathirana,3.0,0.0,21.0,1.0,"Eden Gardens, Kolkata",158.0,25.26,8.14,30.79,143.33,9.90,103.48,29.59,9.64,18.4,17.41,7.87,13.2
1359507,2.0,KKR,17,17.6,1.0,0.0,0.0,0.0,1.0,CSK,99.94,Umesh Yadav,CSK,Kolkata Knight Riders,field first,Rinku Singh,47.0,25.0,3.0,3.0,Umesh Yadav,4.0,2.0,0.0,0.0,Tushar Deshpande,3.0,0.0,41.0,2.0,Matheesha Pathirana,3.0,0.0,21.0,1.0,"Eden Gardens, Kolkata",158.0,25.26,8.14,30.79,143.33,9.90,103.48,29.59,9.64,18.4,17.41,7.87,13.2
1359507,2.0,KKR,18,18.1,2.0,0.0,0.0,0.0,0.0,CSK,99.98,Rinku Singh,CSK,Kolkata Knight Riders,field first,Rinku Singh,49.0,26.0,3.0,3.0,Umesh Yadav,6.0,3.0,0.0,0.0,Maheesh Theekshana,3.0,0.0,31.0,1.0,Tushar Deshpande,4.0,0.0,43.0,2.0,"Eden Gardens, Kolkata",158.0,25.26,8.14,30.79,143.33,9.90,103.48,31.88,7.66,24.9,29.59,9.64,18.4
1359507,2.0,KKR,18,18.2,1.0,0.0,0.0,0.0,0.0,CSK,99.98,Rinku Singh,CSK,Kolkata Knight Riders,field first,Rinku Singh,50.0,27.0,3.0,3.0,Umesh Yadav,6.0,3.0,0.0,0.0,Maheesh Theekshana,3.0,0.0,32.0,1.0,Tushar Deshpande,4.0,0.0,43.0,2.0,"Eden Gardens, Kolkata",158.0,25.26,8.14,30.79,143.33,9.90,103.48,31.88,7.66,24.9,29.59,9.64,18.4
1359507,2.0,KKR,18,18.3,0.0,0.0,0.0,1.0,0.0,CSK,99.98,Umesh Yadav,CSK,Kolkata Knight Riders,field first,Rinku Singh,50.0,27.0,3.0,3.0,,0.0,0.0,0.0,0.0,Maheesh Theekshana,3.0,0.0,32.0,2.0,Tushar Deshpande,4.0,0.0,43.0,2.0,"Eden Gardens, Kolkata",158.0,25.26,8.14,30.79,143.33,0.0,0.0,31.88,7.66,24.9,29.59,9.64,18.4
1359507,2.0,KKR,18,18.4,0.0,0.0,1.0,0.0,0.0,CSK,99.98,Varun,CSK,Kolkata Knight Riders,field first,Rinku Singh,50.0,27.0,3.0,3.0,Varun Chakravarthy,0.0,1.0,0.0,0.0,Maheesh Theekshana,3.0,0.0,32.0,2.0,Tushar Deshpande,4.0,0.0,43.0,2.0,"Eden Gardens, Kolkata",158.0,25.26,8.14,30.79,143.33,6.25,54.34,31.88,7.66,24.9,29.59,9.64,18.4
1359507,2.0,KKR,18,18.5,0.0,0.0,1.0,0.0,0.0,CSK,99.98,Varun,CSK,Kolkata Knight Riders,field first,Rinku Singh,50.0,27.0,3.0,3.0,Varun Chakravarthy,0.0,2.0,0.0,0.0,Maheesh Theekshana,3.0,0.0,32.0,2.0,Tushar Deshpande,4.0,0.0,43.0,2.0,"Eden Gardens, Kolkata",158.0,25.26,8.14,30.79,143.33,6.25,54.34,31.88,7.66,24.9,29.59,9.64,18.4
1359507,2.0,KKR,18,18.6,0.0,0.0,1.0,0.0,0.0,CSK,99.98,Varun,CSK,Kolkata Knight Riders,field first,Rinku Singh,50.0,27.0,3.0,3.0,Varun Chakravarthy,0.0,3.0,0.0,0.0,Maheesh Theekshana,4.0,0.0,32.0,2.0,Tushar Deshpande,4.0,0.0,43.0,2.0,"Eden Gardens, Kolkata",158.0,25.26,8.14,30.79,143.33,6.25,54.34,31.88,7.66,24.9,29.59,9.64,18.4
1359507,2.0,KKR,19,19.1,0.0,0.0,1.0,0.0,0.0,CSK,99.99,Rinku Singh,CSK,Kolkata Knight Riders,field first,Rinku Singh,50.0,28.0,3.0,3.0,Varun Chakravarthy,0.0,3.0,0.0,0.0,Matheesha Pathirana,3.0,0.0,21.0,1.0,Maheesh Theekshana,4.0,0.0,32.0,2.0,"Eden Gardens, Kolkata",158.0,25.26,8.14,30.79,143.33,6.25,54.34,17.41,7.87,13.2,31.88,7.66,24.9
1359507,2.0,KKR,19,19.2,0.0,0.0,1.0,0.0,0.0,CSK,99.99,Rinku Singh,CSK,Kolkata Knight Riders,field first,Rinku Singh,50.0,29.0,3.0,3.0,Varun Chakravarthy,0.0,3.0,0.0,0.0,Matheesha Pathirana,3.0,0.0,21.0,1.0,Maheesh Theekshana,4.0,0.0,32.0,2.0,"Eden Gardens, Kolkata",158.0,25.26,8.14,30.79,143.33,6.25,54.34,17.41,7.87,13.2,31.88,7.66,24.9
1359507,2.0,KKR,19,19.3,6.0,1.0,0.0,0.0,0.0,CSK,99.99,Rinku Singh,CSK,Kolkata Knight Riders,field first,Rinku Singh,56.0,30.0,3.0,4.0,Varun Chakravarthy,0.0,3.0,0.0,0.0,Matheesha Pathirana,3.0,0.0,27.0,1.0,Maheesh Theekshana,4.0,0.0,32.0,2.0,"Eden Gardens, Kolkata",158.0,25.26,8.14,30.79,143.33,6.25,54.34,17.41,7.87,13.2,31.88,7.66,24.9
1359507,2.0,KKR,19,19.4,0.0,0.0,1.0,0.0,0.0,CSK,99.99,Rinku Singh,CSK,Kolkata Knight Riders,field first,Rinku Singh,56.0,31.0,3.0,4.0,Varun Chakravarthy,0.0,3.0,0.0,0.0,Matheesha Pathirana,3.0,0.0,27.0,1.0,Maheesh Theekshana,4.0,0.0,32.0,2.0,"Eden Gardens, Kolkata",158.0,25.26,8.14,30.79,143.33,6.25,54.34,17.41,7.87,13.2,31.88,7.66,24.9
1359507,2.0,KKR,19,19.5,0.0,0.0,1.0,0.0,0.0,CSK,99.99,Rinku Singh,CSK,Kolkata Knight Riders,field first,Rinku Singh,56.0,32.0,3.0,4.0,Varun Chakravarthy,0.0,3.0,0.0,0.0,Matheesha Pathirana,3.0,0.0,27.0,1.0,Maheesh Theekshana,4.0,0.0,32.0,2.0,"Eden Gardens, Kolkata",158.0,25.26,8.14,30.79,143.33,6.25,54.34,17.41,7.87,13.2,31.88,7.66,24.9
1359507,2.0,KKR,19,19.6,0.0,0.0,1.0,0.0,0.0,CSK,99.99,Rinku Singh,CSK,Kolkata Knight Riders,field first,Rinku Singh,56.0,33.0,3.0,4.0,Varun Chakravarthy,0.0,3.0,0.0,0.0,Matheesha Pathirana,4.0,0.0,27.0,1.0,Maheesh Theekshana,4.0,0.0,32.0,2.0,"Eden Gardens, Kolkata",158.0,25.26,8.14,30.79,143.33,6.25,54.34,17.41,7.87,13.2,31.88,7.66,24.9
1359507,2.0,KKR,20,0.0,,,,,,CSK,100.0,,CSK,Kolkata Knight Riders,field first,,,,,,,,,,,,,,,,,,,,,"Eden Gardens, Kolkata",158.0,25.26,8.14,0.0,0.0,0.0,0.0,0.0,0.0,0.0,0.0,0.0,0.0
