innings_num,batting_team,over_number,ball_number,total_score,total_wickets,boundaries,dot_balls,wickets,extras,favored_team,win_percentage,current_run_rate,required_run_rate,striker_batsman,toss_winner,toss_decision,batsman1_name,batsman1_runs,batsman1_balls_faced,batsman1_fours,batsman1_sixes,batsman2_name,batsman2_runs,batsman2_balls_faced,batsman2_fours,batsman2_sixes,bowler1_name,bowler1_overs_bowled,bowler1_maidens_bowled,bowler1_runs_conceded,bowler1_wickets_taken,bowler2_name,bowler2_overs_bowled,bowler2_maidens_bowled,bowler2_runs_conceded,bowler2_wickets_taken,venue,matches_played,average_runs_per_wicket,average_runs_per_over,batsman1_historical_average,batsman1_historical_strike_rate,batsman2_historical_average,batsman2_historical_strike_rate,bowler1_historical_average,bowler1_historical_economy,bowler1_historical_strike_rate,bowler2_historical_average,bowler2_historical_economy,bowler2_historical_strike_rate,runs_scored_over_rolling_avg,wickets_over_rolling_avg,powerplay,middle_overs,death_overs,projected_score,pressure_index,model_win_probability
1,GT,2,4,24,0,1,0,0,0,MI,51.42,9.0,0,Sai Sudharsan,MI,field first,Sai Sudharsan,12,8,2,0,Shubman Gill,12,8,2,0,Trent Boult,1.4,0,17,0,Deepak Chahar,1.0,0,7,0,"Narendra Modi Stadium, Ahmedabad",69,26.14,8.33,48.17,141.32,37.77,136.28,26.91,8.29,19.4,28.7,7.99,21.5,7.0,0,1,0,0,180,0,0.6
1,GT,3,1,27,0,0,0,0,0,MI,53.49,8.52,0,Sai Sudharsan,MI,field first,Sai Sudharsan,13,9,2,0,Shubman Gill,14,10,2,0,Deepak Chahar,1.1,0,8,0,Trent Boult,2.0,0,19,0,"Narendra Modi Stadium, Ahmedabad",69,26.14,8.33,48.17,141.32,37.77,136.28,28.7,7.99,21.5,26.91,8.29,19.4,8.67,0,1,0,0,170,0,0.68
1,GT,3,2,27,0,0,1,0,0,MI,53.49,8.1,0,Sai Sudharsan,MI,field first,Sai Sudharsan,13,10,2,0,Shubman Gill,14,10,2,0,Deepak Chahar,1.2,0,8,0,Trent Boult,2.0,0,19,0,"Narendra Modi Stadium, Ahmedabad",69,26.14,8.33,48.17,141.32,37.77,136.28,28.7,7.99,21.5,26.91,8.29,19.4,8.67,0,1,0,0,162,0,0.67
1,GT,3,3,28,0,0,0,0,0,MI,56.55,8.0,0,Sai Sudharsan,MI,field first,Sai Sudharsan,14,11,2,0,Shubman Gill,14,10,2,0,Deepak Chahar,1.3,0,9,0,Trent Boult,2.0,0,19,0,"Narendra Modi Stadium, Ahmedabad",69,26.14,8.33,48.17,141.32,37.77,136.28,28.7,7.99,21.5,26.91,8.29,19.4,8.67,0,1,0,0,160,0,0.66
1,GT,3,4,28,0,0,1,0,0,MI,56.55,7.63,0,Shubman Gill,MI,field first,Shubman Gill,14,11,2,0,Sai Sudharsan,14,11,2,0,Deepak Chahar,1.4,0,9,0,Trent Boult,2.0,0,19,0,"Narendra Modi Stadium, Ahmedabad",69,26.14,8.33,37.77,136.28,48.17,141.32,28.7,7.99,21.5,26.91,8.29,19.4,8.67,0,1,0,0,153,0,0.71
1,GT,3,5,29,0,0,0,0,0,MI,57.56,7.56,0,Shubman Gill,MI,field first,Shubman Gill,15,12,2,0,Sai Sudharsan,14,11,2,0,Deepak Chahar,1.5,0,10,0,Trent Boult,2.0,0,19,0,"Narendra Modi Stadium, Ahmedabad",69,26.14,8.33,37.77,136.28,48.17,141.32,28.7,7.99,21.5,26.91,8.29,19.4,8.67,0,1,0,0,151,0,0.68
1,GT,3,6,30,0,0,0,0,1,MI,59.55,7.82,0,Sai Sudharsan,MI,field first,Sai Sudharsan,14,11,2,0,Shubman Gill,15,12,2,0,Deepak Chahar,1.5,0,11,0,Trent Boult,2.0,0,19,0,"Narendra Modi Stadium, Ahmedabad",69,26.14,8.33,48.17,141.32,37.77,136.28,28.7,7.99,21.5,26.91,8.29,19.4,8.67,0,1,0,0,155,0,0.7
1,GT,4,1,35,0,1,0,0,0,MI,59.55,8.4,0,Sai Sudharsan,MI,field first,Sai Sudharsan,19,13,3,0,Shubman Gill,15,12,2,0,Mujeeb Ur Rahman,0.1,0,4,0,Deepak Chahar,2.0,0,12,0,"Narendra Modi Stadium, Ahmedabad",69,26.14,8.33,48.17,141.32,37.77,136.28,31.15,8.18,22.8,28.7,7.99,21.5,8.67,0,1,0,0,168,0,0.75
1,GT,4,2,39,0,1,0,0,0,MI,57.57,9.0,0,Sai Sudharsan,MI,field first,Sai Sudharsan,23,14,4,0,Shubman Gill,15,12,2,0,Mujeeb Ur Rahman,0.2,0,8,0,Deepak Chahar,2.0,0,12,0,"Narendra Modi Stadium, Ahmedabad",69,26.14,8.33,48.17,141.32,37.77,136.28,31.15,8.18,22.8,28.7,7.99,21.5,8.67,0,1,0,0,180,0,0.76
1,GT,4,3,41,0,0,1,0,0,MI,51.43,9.11,0,Sai Sudharsan,MI,field first,Sai Sudharsan,25,15,3,1,Shubman Gill,15,12,2,0,Mujeeb Ur Rahman,0.3,0,10,0,Deepak Chahar,2.0,0,12,0,"Narendra Modi Stadium, Ahmedabad",69,26.14,8.33,48.17,141.32,37.77,136.28,31.15,8.18,22.8,28.7,7.99,21.5,8.67,0,1,0,0,182,0,0.71
1,GT,4,4,42,0,0,0,0,0,GT,51.68,9.0,0,Sai Sudharsan,MI,field first,Sai Sudharsan,26,16,3,1,Shubman Gill,15,12,2,0,Mujeeb Ur Rahman,0.4,0,11,0,Deepak Chahar,2.0,0,12,0,"Narendra Modi Stadium, Ahmedabad",69,26.14,8.33,48.17,141.32,37.77,136.28,31.15,8.18,22.8,28.7,7.99,21.5,8.67,0,1,0,0,180,0,0.71
1,GT,4,5,46,0,1,0,0,0,GT,50.64,9.51,0,Shubman Gill,MI,field first,Shubman Gill,19,13,3,0,Sai Sudharsan,26,16,3,1,Mujeeb Ur Rahman,0.5,0,15,0,Deepak Chahar,2.0,0,12,0,"Narendra Modi Stadium, Ahmedabad",69,26.14,8.33,37.77,136.28,48.17,141.32,31.15,8.18,22.8,28.7,7.99,21.5,8.67,0,1,0,0,190,0,0.78
1,GT,4,6,46,0,0,1,0,0,GT,51.68,9.2,0,Shubman Gill,MI,field first,Shubman Gill,19,14,3,0,Sai Sudharsan,26,16,3,1,Mujeeb Ur Rahman,0.6,0,15,0,Deepak Chahar,2.0,0,12,0,"Narendra Modi Stadium, Ahmedabad",69,26.14,8.33,37.77,136.28,48.17,141.32,31.15,8.18,22.8,28.7,7.99,21.5,8.67,0,1,0,0,184,0,0.73
1,GT,5,1,47,0,0,0,0,0,GT,53.76,9.09,0,Sai Sudharsan,MI,field first,Sai Sudharsan,27,17,3,1,Shubman Gill,19,14,3,0,Deepak Chahar,2.1,0,13,0,Mujeeb Ur Rahman,1.0,0,15,0,"Narendra Modi Stadium, Ahmedabad",69,26.14,8.33,48.17,141.32,37.77,136.28,28.7,7.99,21.5,31.15,8.18,22.8,8.67,0,1,0,0,182,0,0.8
1,GT,5,2,49,0,0,0,0,0,GT,51.68,9.18,0,Shubman Gill,MI,field first,Shubman Gill,21,15,3,0,Sai Sudharsan,27,17,3,1,Deepak Chahar,2.2,0,15,0,Mujeeb Ur Rahman,1.0,0,15,0,"Narendra Modi Stadium, Ahmedabad",69,26.14,8.33,37.77,136.28,48.17,141.32,28.7,7.99,21.5,31.15,8.18,22.8,8.67,0,1,0,0,184,0,0.77
1,GT,5,3,55,0,1,0,0,0,GT,51.68,10.0,0,Shubman Gill,MI,field first,Shubman Gill,27,16,3,1,Sai Sudharsan,27,17,3,1,Deepak Chahar,2.3,0,21,0,Mujeeb Ur Rahman,1.0,0,15,0,"Narendra Modi Stadium, Ahmedabad",69,26.14,8.33,37.77,136.28,48.17,141.32,28.7,7.99,21.5,31.15,8.18,22.8,8.67,0,1,0,0,200,0,0.83
1,GT,5,4,56,0,0,0,0,0,GT,56.85,9.88,0,Shubman Gill,MI,field first,Shubman Gill,28,17,3,1,Sai Sudharsan,27,17,3,1,Deepak Chahar,2.4,0,22,0,Mujeeb Ur Rahman,1.0,0,15,0,"Narendra Modi Stadium, Ahmedabad",69,26.14,8.33,37.77,136.28,48.17,141.32,28.7,7.99,21.5,31.15,8.18,22.8,8.67,0,1,0,0,198,0,0.84
1,GT,5,5,57,0,0,0,0,0,GT,59.91,9.77,0,Sai Sudharsan,MI,field first,Sai Sudharsan,28,18,3,1,Shubman Gill,28,17,3,1,Deepak Chahar,2.5,0,23,0,Mujeeb Ur Rahman,1.0,0,15,0,"Narendra Modi Stadium, Ahmedabad",69,26.14,8.33,48.17,141.32,37.77,136.28,28.7,7.99,21.5,31.15,8.18,22.8,8.67,0,1,0,0,195,0,0.87
1,GT,5,6,62,0,0,0,0,1,GT,62.89,10.62,0,Shubman Gill,MI,field first,Shubman Gill,28,17,3,1,Sai Sudharsan,32,18,3,1,Deepak Chahar,2.5,0,28,0,Mujeeb Ur Rahman,1.0,0,15,0,"Narendra Modi Stadium, Ahmedabad",69,26.14,8.33,37.77,136.28,48.17,141.32,28.7,7.99,21.5,31.15,8.18,22.8,8.67,0,1,0,0,211,0,0.89
1,GT,6,1,67,0,0,0,0,1,GT,67.65,11.16,0,Sai Sudharsan,MI,field first,Sai Sudharsan,32,18,3,1,Shubman Gill,32,18,4,1,Hardik Pandya,0.0,0,1,0,Deepak Chahar,3.0,0,32,0,"Narendra Modi Stadium, Ahmedabad",69,26.14,8.33,48.17,141.32,37.77,136.28,34.28,7.36,27.9,28.7,7.99,21.5,8.67,0,0,1,0,221,0,0.86
1,GT,6,2,69,0,0,0,0,0,GT,69.46,10.89,0,Shubman Gill,MI,field first,Shubman Gill,33,19,4,1,Sai Sudharsan,33,19,3,1,Hardik Pandya,0.2,0,3,0,Deepak Chahar,3.0,0,32,0,"Narendra Modi Stadium, Ahmedabad",69,26.14,8.33,37.77,136.28,48.17,141.32,34.28,7.36,27.9,28.7,7.99,21.5,8.67,0,0,1,0,218,0,0.8
1,GT,6,3,70,0,0,0,0,0,GT,68.56,10.76,0,Sai Sudharsan,MI,field first,Sai Sudharsan,34,20,3,1,Shubman Gill,33,19,4,1,Hardik Pandya,0.3,0,4,0,Deepak Chahar,3.0,0,32,0,"Narendra Modi Stadium, Ahmedabad",69,26.14,8.33,48.17,141.32,37.77,136.28,34.28,7.36,27.9,28.7,7.99,21.5,8.67,0,0,1,0,215,0,0.86
1,GT,6,4,70,0,0,1,0,0,GT,66.72,10.5,0,Shubman Gill,MI,field first,Shubman Gill,33,20,4,1,Sai Sudharsan,34,20,3,1,Hardik Pandya,0.4,0,4,0,Deepak Chahar,3.0,0,32,0,"Narendra Modi Stadium, Ahmedabad",69,26.14,8.33,37.77,136.28,48.17,141.32,34.28,7.36,27.9,28.7,7.99,21.5,8.67,0,0,1,0,210,0,0.8
1,GT,6,5,70,0,0,1,0,0,GT,65.78,10.24,0,Shubman Gill,MI,field first,Shubman Gill,33,21,4,1,Sai Sudharsan,34,20,3,1,Hardik Pandya,0.5,0,4,0,Deepak Chahar,3.0,0,32,0,"Narendra Modi Stadium, Ahmedabad",69,26.14,8.33,37.77,136.28,48.17,141.32,34.28,7.36,27.9,28.7,7.99,21.5,8.67,0,0,1,0,205,0,0.83
1,GT,6,6,71,0,0,0,0,0,GT,62.88,10.14,0,Shubman Gill,MI,field first,Shubman Gill,34,22,4,1,Sai Sudharsan,34,20,3,1,Hardik Pandya,0.6,0,5,0,Deepak Chahar,3.0,0,32,0,"Narendra Modi Stadium, Ahmedabad",69,26.14,8.33,37.77,136.28,48.17,141.32,34.28,7.36,27.9,28.7,7.99,21.5,8.67,0,0,1,0,203,0,0.81
1,GT,7,1,71,0,0,1,0,0,GT,60.9,9.9,0,Shubman Gill,MI,field first,Shubman Gill,34,23,4,1,Sai Sudharsan,34,20,3,1,Mitchell Santner,0.1,0,0,0,Hardik Pandya,1.0,0,5,0,"Narendra Modi Stadium, Ahmedabad",69,26.14,8.33,37.77,136.28,48.17,141.32,29.73,7.06,25.2,34.28,7.36,27.9,8.67,0,0,1,0,198,0,0.84
1,GT,7,2,72,0,0,0,0,0,GT,59.9,9.81,0,Shubman Gill,MI,field first,Shubman Gill,35,24,4,1,Sai Sudharsan,34,20,3,1,Mitchell Santner,0.2,0,1,0,Hardik Pandya,1.0,0,5,0,"Narendra Modi Stadium, Ahmedabad",69,26.14,8.33,37.77,136.28,48.17,141.32,29.73,7.06,25.2,34.28,7.36,27.9,8.67,0,0,1,0,196,0,0.85
1,GT,7,3,73,0,0,0,0,0,GT,58.88,9.73,0,Sai Sudharsan,MI,field first,Sai Sudharsan,35,21,3,1,Shubman Gill,35,24,4,1,Mitchell Santner,0.3,0,2,0,Hardik Pandya,1.0,0,5,0,"Narendra Modi Stadium, Ahmedabad",69,26.14,8.33,48.17,141.32,37.77,136.28,29.73,7.06,25.2,34.28,7.36,27.9,8.67,0,0,1,0,195,0,0.86
1,GT,7,4,74,0,0,0,0,0,GT,57.86,9.65,0,Shubman Gill,MI,field first,Shubman Gill,36,25,4,1,Sai Sudharsan,35,21,3,1,Mitchell Santner,0.4,0,3,0,Hardik Pandya,1.0,0,5,0,"Narendra Modi Stadium, Ahmedabad",69,26.14,8.33,37.77,136.28,48.17,141.32,29.73,7.06,25.2,34.28,7.36,27.9,8.67,0,0,1,0,193,0,0.85
1,GT,7,5,74,0,0,1,0,0,GT,56.83,9.44,0,Sai Sudharsan,MI,field first,Sai Sudharsan,35,22,3,1,Shubman Gill,36,25,4,1,Mitchell Santner,0.5,0,3,0,Hardik Pandya,1.0,0,5,0,"Narendra Modi Stadium, Ahmedabad",69,26.14,8.33,48.17,141.32,37.77,136.28,29.73,7.06,25.2,34.28,7.36,27.9,8.67,0,0,1,0,189,0,0.87
1,GT,7,6,75,0,0,0,0,0,GT,54.77,9.37,0,Sai Sudharsan,MI,field first,Sai Sudharsan,36,23,3,1,Shubman Gill,36,25,4,1,Mitchell Santner,0.6,0,4,0,Hardik Pandya,1.0,0,5,0,"Narendra Modi Stadium, Ahmedabad",69,26.14,8.33,48.17,141.32,37.77,136.28,29.73,7.06,25.2,34.28,7.36,27.9,8.67,0,0,1,0,187,0,0.91
1,GT,8,1,76,0,0,0,0,0,GT,53.73,9.3,0,Sai Sudharsan,MI,field first,Sai Sudharsan,37,24,3,1,Shubman Gill,36,25,4,1,Hardik Pandya,1.1,0,6,0,Mitchell Santner,1.0,0,4,0,"Narendra Modi Stadium, Ahmedabad",69,26.14,8.33,48.17,141.32,37.77,136.28,34.28,7.36,27.9,29.73,7.06,25.2,8.67,0,0,1,0,186,0,0.85
1,GT,8,2,78,0,0,0,0,0,GT,52.69,9.36,0,Shubman Gill,MI,field first,Shubman Gill,38,26,4,1,Sai Sudharsan,37,24,3,1,Hardik Pandya,1.2,0,8,0,Mitchell Santner,1.0,0,4,0,"Narendra Modi Stadium, Ahmedabad",69,26.14,8.33,37.77,136.28,48.17,141.32,34.28,7.36,27.9,29.73,7.06,25.2,8.67,0,0,1,0,187,0,0.84
1,GT,8,3,78,1,0,0,1,0,GT,52.69,9.17,0,Sai Sudharsan,MI,field first,Sai Sudharsan,37,24,3,1,Unknown,0,0,0,0,Hardik Pandya,1.3,0,8,1,Mitchell Santner,1.0,0,4,0,"Narendra Modi Stadium, Ahmedabad",69,26.14,8.33,48.17,141.32,0,0,34.28,7.36,27.9,29.73,7.06,25.2,8.67,0,0,1,0,183,0,0.87
1,GT,8,4,78,1,0,1,0,0,MI,52.51,9.0,0,Jos Buttler,MI,field first,Jos Buttler,0,1,0,0,Sai Sudharsan,37,24,3,1,Hardik Pandya,1.4,0,8,1,Mitchell Santner,1.0,0,4,0,"Narendra Modi Stadium, Ahmedabad",69,26.14,8.33,38.27,147.74,48.17,141.32,34.28,7.36,27.9,29.73,7.06,25.2,8.67,0,0,1,0,180,0,0.82
1,GT,8,5,78,1,0,1,0,0,MI,53.54,8.83,0,Jos Buttler,MI,field first,Jos Buttler,0,2,0,0,Sai Sudharsan,37,24,3,1,Hardik Pandya,1.5,0,8,1,Mitchell Santner,1.0,0,4,0,"Narendra Modi Stadium, Ahmedabad",69,26.14,8.33,38.27,147.74,48.17,141.32,34.28,7.36,27.9,29.73,7.06,25.2,8.67,0,0,1,0,177,0,0.85
1,GT,8,6,79,1,0,0,0,0,MI,54.57,8.77,0,Jos Buttler,MI,field first,Jos Buttler,1,3,0,0,Sai Sudharsan,37,24,3,1,Hardik Pandya,1.6,0,9,1,Mitchell Santner,1.0,0,4,0,"Narendra Modi Stadium, Ahmedabad",69,26.14,8.33,38.27,147.74,48.17,141.32,34.28,7.36,27.9,29.73,7.06,25.2,8.67,0,0,1,0,175,0,0.86
1,GT,9,1,79,1,0,1,0,0,MI,55.59,8.61,0,Jos Buttler,MI,field first,Jos Buttler,1,4,0,0,Sai Sudharsan,37,24,3,1,Mitchell Santner,1.1,0,4,0,Hardik Pandya,2.0,0,9,1,"Narendra Modi Stadium, Ahmedabad",69,26.14,8.33,38.27,147.74,48.17,141.32,29.73,7.06,25.2,34.28,7.36,27.9,8.67,0,0,1,0,172,0,0.87
1,GT,9,2,80,1,0,0,0,0,MI,57.61,8.57,0,Jos Buttler,MI,field first,Jos Buttler,2,5,0,0,Sai Sudharsan,37,24,3,1,Mitchell Santner,1.2,0,5,0,Hardik Pandya,2.0,0,9,1,"Narendra Modi Stadium, Ahmedabad",69,26.14,8.33,38.27,147.74,48.17,141.32,29.73,7.06,25.2,34.28,7.36,27.9,8.67,0,0,1,0,171,0,0.9
1,GT,9,3,81,1,0,0,0,0,MI,58.61,8.52,0,Sai Sudharsan,MI,field first,Sai Sudharsan,38,25,3,1,Jos Buttler,2,5,0,0,Mitchell Santner,1.3,0,6,0,Hardik Pandya,2.0,0,9,1,"Narendra Modi Stadium, Ahmedabad",69,26.14,8.33,48.17,141.32,38.27,147.74,29.73,7.06,25.2,34.28,7.36,27.9,8.67,0,0,1,0,170,0,0.86
1,GT,9,4,87,1,1,0,0,0,MI,58.61,9.0,0,Jos Buttler,MI,field first,Jos Buttler,8,6,0,1,Sai Sudharsan,38,25,3,1,Mitchell Santner,1.4,0,12,0,Hardik Pandya,2.0,0,9,1,"Narendra Modi Stadium, Ahmedabad",69,26.14,8.33,38.27,147.74,48.17,141.32,29.73,7.06,25.2,34.28,7.36,27.9,8.67,0,0,1,0,180,0,0.89
1,GT,9,5,91,1,1,0,0,0,MI,53.55,9.25,0,Jos Buttler,MI,field first,Jos Buttler,12,7,1,1,Sai Sudharsan,38,25,3,1,Mitchell Santner,1.5,0,16,0,Hardik Pandya,2.0,0,9,1,"Narendra Modi Stadium, Ahmedabad",69,26.14,8.33,38.27,147.74,48.17,141.32,29.73,7.06,25.2,34.28,7.36,27.9,8.67,0,0,1,0,185,0,0.89
1,GT,9,6,92,1,0,0,0,0,GT,53.71,9.2,0,Jos Buttler,MI,field first,Jos Buttler,13,8,1,1,Sai Sudharsan,38,25,3,1,Mitchell Santner,1.6,0,17,0,Hardik Pandya,2.0,0,9,1,"Narendra Modi Stadium, Ahmedabad",69,26.14,8.33,38.27,147.74,48.17,141.32,29.73,7.06,25.2,34.28,7.36,27.9,8.67,0,0,1,0,184,0,0.9
1,GT,10,1,92,1,0,1,0,0,GT,54.75,9.04,0,Jos Buttler,MI,field first,Jos Buttler,13,9,1,1,Sai Sudharsan,38,25,3,1,Hardik Pandya,2.1,0,9,1,Mitchell Santner,2.0,0,17,0,"Narendra Modi Stadium, Ahmedabad",69,26.14,8.33,38.27,147.74,48.17,141.32,34.28,7.36,27.9,29.73,7.06,25.2,8.67,0,0,1,0,181,0,0.88
1,GT,10,2,93,1,0,0,0,0,GT,51.63,9.0,0,Jos Buttler,MI,field first,Jos Buttler,14,10,1,1,Sai Sudharsan,38,25,3,1,Hardik Pandya,2.2,0,10,1,Mitchell Santner,2.0,0,17,0,"Narendra Modi Stadium, Ahmedabad",69,26.14,8.33,38.27,147.74,48.17,141.32,34.28,7.36,27.9,29.73,7.06,25.2,8.67,0,0,1,0,180,0,0.86
1,GT,10,3,94,1,0,0,0,0,MI,50.45,8.95,0,Sai Sudharsan,MI,field first,Sai Sudharsan,39,26,3,1,Jos Buttler,14,10,1,1,Hardik Pandya,2.3,0,11,1,Mitchell Santner,2.0,0,17,0,"Narendra Modi Stadium, Ahmedabad",69,26.14,8.33,48.17,141.32,38.27,147.74,34.28,7.36,27.9,29.73,7.06,25.2,8.67,0,0,1,0,179,0,0.82
1,GT,10,4,98,1,1,0,0,0,MI,51.49,9.18,0,Jos Buttler,MI,field first,Jos Buttler,18,11,2,1,Sai Sudharsan,39,26,3,1,Hardik Pandya,2.4,0,15,1,Mitchell Santner,2.0,0,17,0,"Narendra Modi Stadium, Ahmedabad",69,26.14,8.33,38.27,147.74,48.17,141.32,34.28,7.36,27.9,29.73,7.06,25.2,8.67,0,0,1,0,184,0,0.89
1,GT,10,5,100,1,0,0,0,0,GT,51.62,9.23,0,Jos Buttler,MI,field first,Jos Buttler,20,12,2,1,Sai Sudharsan,39,26,3,1,Hardik Pandya,2.5,0,17,1,Mitchell Santner,2.0,0,17,0,"Narendra Modi Stadium, Ahmedabad",69,26.14,8.33,38.27,147.74,48.17,141.32,34.28,7.36,27.9,29.73,7.06,25.2,8.67,0,0,1,0,185,0,0.9
1,GT,10,6,101,1,0,0,0,0,GT,53.7,9.18,0,Jos Buttler,MI,field first,Jos Buttler,21,13,2,1,Sai Sudharsan,39,26,3,1,Hardik Pandya,2.6,0,18,1,Mitchell Santner,2.0,0,17,0,"Narendra Modi Stadium, Ahmedabad",69,26.14,8.33,38.27,147.74,48.17,141.32,34.28,7.36,27.9,29.73,7.06,25.2,8.67,0,0,1,0,184,0,0.92
1,GT,11,1,101,1,0,1,0,0,GT,53.7,9.04,0,Jos Buttler,MI,field first,Jos Buttler,21,14,2,1,Sai Sudharsan,39,26,3,1,Mitchell Santner,2.1,0,17,0,Hardik Pandya,3.0,0,18,1,"Narendra Modi Stadium, Ahmedabad",69,26.14,8.33,38.27,147.74,48.17,141.32,29.73,7.06,25.2,34.28,7.36,27.9,8.67,0,0,1,0,181,0,0.87
1,GT,11,2,101,1,0,1,0,0,GT,51.62,8.91,0,Jos Buttler,MI,field first,Jos Buttler,21,15,2,1,Sai Sudharsan,39,26,3,1,Mitchell Santner,2.2,0,17,0,Hardik Pandya,3.0,0,18,1,"Narendra Modi Stadium, Ahmedabad",69,26.14,8.33,38.27,147.74,48.17,141.32,29.73,7.06,25.2,34.28,7.36,27.9,8.67,0,0,1,0,178,0,0.87
1,GT,11,3,105,1,0,0,0,0,MI,51.5,8.86,0,Jos Buttler,MI,field first,Jos Buttler,22,16,2,1,Sai Sudharsan,39,26,3,1,Mitchell Santner,2.3,0,18,0,Hardik Pandya,3.0,0,18,1,"Narendra Modi Stadium, Ahmedabad",69,26.14,8.33,38.27,147.74,48.17,141.32,29.73,7.06,25.2,34.28,7.36,27.9,8.67,0,0,1,0,180,0,0.85
1,GT,11,4,106,1,0,0,0,0,MI,50.46,9.08,0,Jos Buttler,MI,field first,Jos Buttler,26,17,3,1,Sai Sudharsan,39,26,3,1,Mitchell Santner,2.4,0,22,0,Hardik Pandya,3.0,0,18,1,"Narendra Modi Stadium, Ahmedabad",69,26.14,8.33,38.27,147.74,48.17,141.32,29.73,7.06,25.2,34.28,7.36,27.9,8.67,0,0,1,0,182,0,0.85
1,GT,11,5,108,1,0,0,0,0,GT,50.57,9.12,0,Sai Sudharsan,MI,field first,Sai Sudharsan,41,27,3,1,Jos Buttler,26,17,3,1,Mitchell Santner,2.5,0,24,0,Hardik Pandya,3.0,0,18,1,"Narendra Modi Stadium, Ahmedabad",69,26.14,8.33,48.17,141.32,38.27,147.74,29.73,7.06,25.2,34.28,7.36,27.9,8.67,0,0,1,0,182,0,0.84
1,GT,11,6,109,1,0,0,0,0,GT,51.61,9.08,0,Sai Sudharsan,MI,field first,Sai Sudharsan,42,28,3,1,Jos Buttler,26,17,3,1,Mitchell Santner,2.6,0,25,0,Hardik Pandya,3.0,0,18,1,"Narendra Modi Stadium, Ahmedabad",69,26.14,8.33,48.17,141.32,38.27,147.74,29.73,7.06,25.2,34.28,7.36,27.9,8.67,0,0,1,0,182,0,0.83
1,GT,12,1,110,1,0,0,0,0,GT,51.61,9.04,0,Sai Sudharsan,MI,field first,Sai Sudharsan,43,29,3,1,Jos Buttler,26,17,3,1,Satyanarayana Raju,0.1,0,1,0,Mitchell Santner,3.0,0,25,0,"Narendra Modi Stadium, Ahmedabad",69,26.14,8.33,48.17,141.32,38.27,147.74,0.0,13.0,0.0,29.73,7.06,25.2,8.67,0,0,1,0,181,0,0.66
1,GT,12,2,114,1,1,0,0,0,GT,50.57,9.24,0,Jos Buttler,MI,field first,Jos Buttler,30,18,4,1,Sai Sudharsan,43,29,3,1,Satyanarayana Raju,0.2,0,5,0,Mitchell Santner,3.0,0,25,0,"Narendra Modi Stadium, Ahmedabad",69,26.14,8.33,38.27,147.74,48.17,141.32,0.0,13.0,0.0,29.73,7.06,25.2,8.67,0,0,1,0,185,0,0.73
1,GT,12,3,115,1,0,0,0,0,GT,53.69,9.2,0,Jos Buttler,MI,field first,Jos Buttler,31,19,4,1,Sai Sudharsan,43,29,3,1,Satyanarayana Raju,0.3,0,6,0,Mitchell Santner,3.0,0,25,0,"Narendra Modi Stadium, Ahmedabad",69,26.14,8.33,38.27,147.74,48.17,141.32,0.0,13.0,0.0,29.73,7.06,25.2,8.67,0,0,1,0,184,0,0.75
1,GT,12,4,116,1,0,0,0,0,GT,53.69,9.15,0,Sai Sudharsan,MI,field first,Sai Sudharsan,44,30,3,1,Jos Buttler,31,19,4,1,Satyanarayana Raju,0.4,0,7,0,Mitchell Santner,3.0,0,25,0,"Narendra Modi Stadium, Ahmedabad",69,26.14,8.33,48.17,141.32,38.27,147.74,0.0,13.0,0.0,29.73,7.06,25.2,8.67,0,0,1,0,183,0,0.69
1,GT,12,5,117,1,0,0,0,0,GT,53.69,9.11,0,Jos Buttler,MI,field first,Jos Buttler,32,20,4,1,Sai Sudharsan,44,30,3,1,Satyanarayana Raju,0.5,0,8,0,Mitchell Santner,3.0,0,25,0,"Narendra Modi Stadium, Ahmedabad",69,26.14,8.33,38.27,147.74,48.17,141.32,0.0,13.0,0.0,29.73,7.06,25.2,8.67,0,0,1,0,182,0,0.75
1,GT,12,6,121,1,1,0,0,0,GT,52.65,9.3,0,Sai Sudharsan,MI,field first,Sai Sudharsan,48,31,4,1,Jos Buttler,32,20,4,1,Satyanarayana Raju,0.6,0,12,0,Mitchell Santner,3.0,0,25,0,"Narendra Modi Stadium, Ahmedabad",69,26.14,8.33,48.17,141.32,38.27,147.74,0.0,13.0,0.0,29.73,7.06,25.2,8.67,0,0,1,0,186,0,0.73
1,GT,13,1,123,1,0,0,0,0,GT,55.76,9.34,0,Jos Buttler,MI,field first,Jos Buttler,34,21,4,1,Sai Sudharsan,48,31,4,1,Mujeeb Ur Rahman,1.1,0,17,0,Satyanarayana Raju,1.0,0,12,0,"Narendra Modi Stadium, Ahmedabad",69,26.14,8.33,38.27,147.74,48.17,141.32,31.15,8.18,22.8,0.0,13.0,0.0,8.67,0,0,1,0,187,0,0.8
1,GT,13,2,127,1,1,0,0,0,GT,56.79,9.52,0,Jos Buttler,MI,field first,Jos Buttler,38,22,5,1,Sai Sudharsan,48,31,4,1,Mujeeb Ur Rahman,1.2,0,21,0,Satyanarayana Raju,1.0,0,12,0,"Narendra Modi Stadium, Ahmedabad",69,26.14,8.33,38.27,147.74,48.17,141.32,31.15,8.18,22.8,0.0,13.0,0.0,8.67,0,0,1,0,190,0,0.79
1,GT,13,3,128,1,0,0,0,0,GT,60.85,9.48,0,Jos Buttler,MI,field first,Jos Buttler,39,23,5,1,Sai Sudharsan,48,31,4,1,Mujeeb Ur Rahman,1.3,0,22,0,Satyanarayana Raju,1.0,0,12,0,"Narendra Modi Stadium, Ahmedabad",69,26.14,8.33,38.27,147.74,48.17,141.32,31.15,8.18,22.8,0.0,13.0,0.0,8.67,0,0,1,0,190,0,0.81
1,GT,13,4,129,1,0,0,0,0,GT,61.84,9.43,0,Sai Sudharsan,MI,field first,Sai Sudharsan,49,32,4,1,Jos Buttler,39,23,5,1,Mujeeb Ur Rahman,1.4,0,23,0,Satyanarayana Raju,1.0,0,12,0,"Narendra Modi Stadium, Ahmedabad",69,26.14,8.33,48.17,141.32,38.27,147.74,31.15,8.18,22.8,0.0,13.0,0.0,8.67,0,0,1,0,189,0,0.8
1,GT,13,5,129,2,0,0,1,0,GT,60.84,9.32,0,Sai Sudharsan,MI,field first,Sai Sudharsan,49,32,4,1,Unknown,0,0,0,0,Mujeeb Ur Rahman,1.5,0,23,1,Satyanarayana Raju,1.0,0,12,0,"Narendra Modi Stadium, Ahmedabad",69,26.14,8.33,48.17,141.32,0,0,31.15,8.18,22.8,0.0,13.0,0.0,8.67,0,0,1,0,186,0,0.79
1,GT,13,6,134,2,0,0,0,1,GT,58.83,9.68,0,M Shahrukh Khan,MI,field first,M Shahrukh Khan,0,0,0,0,Sai Sudharsan,49,32,4,1,Mujeeb Ur Rahman,1.5,0,28,1,Satyanarayana Raju,1.0,0,12,0,"Narendra Modi Stadium, Ahmedabad",69,26.14,8.33,19.96,142.6,48.17,141.32,31.15,8.18,22.8,0.0,13.0,0.0,8.67,0,0,1,0,192,0,0.65
1,GT,14,1,135,2,0,0,0,0,GT,63.8,9.52,0,Sai Sudharsan,MI,field first,Sai Sudharsan,50,33,4,1,M Shahrukh Khan,0,1,0,0,Trent Boult,2.1,0,20,0,Mujeeb Ur Rahman,2.0,0,28,1,"Narendra Modi Stadium, Ahmedabad",69,26.14,8.33,48.17,141.32,19.96,142.6,26.91,8.29,19.4,31.15,8.18,22.8,8.67,0,0,1,0,191,0,0.79
1,GT,14,2,136,2,0,0,0,0,GT,62.82,9.48,0,M Shahrukh Khan,MI,field first,M Shahrukh Khan,1,2,0,0,Sai Sudharsan,50,33,4,1,Trent Boult,2.2,0,21,0,Mujeeb Ur Rahman,2.0,0,28,1,"Narendra Modi Stadium, Ahmedabad",69,26.14,8.33,19.96,142.6,48.17,141.32,26.91,8.29,19.4,31.15,8.18,22.8,8.67,0,0,1,0,190,0,0.7
1,GT,14,3,137,2,0,0,0,0,GT,62.82,9.44,0,Sai Sudharsan,MI,field first,Sai Sudharsan,51,34,4,1,M Shahrukh Khan,1,2,0,0,Trent Boult,2.3,0,22,0,Mujeeb Ur Rahman,2.0,0,28,1,"Narendra Modi Stadium, Ahmedabad",69,26.14,8.33,48.17,141.32,19.96,142.6,26.91,8.29,19.4,31.15,8.18,22.8,8.67,0,0,1,0,189,0,0.77
1,GT,14,4,138,2,0,0,0,0,GT,61.83,9.4,0,M Shahrukh Khan,MI,field first,M Shahrukh Khan,2,3,0,0,Sai Sudharsan,51,34,4,1,Trent Boult,2.4,0,23,0,Mujeeb Ur Rahman,2.0,0,28,1,"Narendra Modi Stadium, Ahmedabad",69,26.14,8.33,19.96,142.6,48.17,141.32,26.91,8.29,19.4,31.15,8.18,22.8,8.67,0,0,1,0,188,0,0.71
1,GT,14,5,139,2,0,0,0,0,GT,60.84,9.37,0,Sai Sudharsan,MI,field first,Sai Sudharsan,52,35,4,1,M Shahrukh Khan,2,3,0,0,Trent Boult,2.5,0,24,0,Mujeeb Ur Rahman,2.0,0,28,1,"Narendra Modi Stadium, Ahmedabad",69,26.14,8.33,48.17,141.32,19.96,142.6,26.91,8.29,19.4,31.15,8.18,22.8,8.67,0,0,1,0,187,0,0.74
1,GT,14,6,140,2,0,0,0,0,GT,60.83,9.33,0,M Shahrukh Khan,MI,field first,M Shahrukh Khan,3,4,0,0,Sai Sudharsan,52,35,4,1,Trent Boult,2.6,0,25,0,Mujeeb Ur Rahman,2.0,0,28,1,"Narendra Modi Stadium, Ahmedabad",69,26.14,8.33,19.96,142.6,48.17,141.32,26.91,8.29,19.4,31.15,8.18,22.8,8.67,0,0,1,0,187,0,0.71
1,GT,15,1,146,2,1,0,0,0,GT,59.83,9.62,0,M Shahrukh Khan,MI,field first,M Shahrukh Khan,9,5,0,1,Sai Sudharsan,52,35,4,1,Hardik Pandya,3.1,0,24,1,Trent Boult,3.0,0,25,0,"Narendra Modi Stadium, Ahmedabad",69,26.14,8.33,19.96,142.6,48.17,141.32,34.28,7.36,27.9,26.91,8.29,19.4,8.67,0,0,1,0,192,0,0.66
1,GT,15,2,146,2,0,1,0,0,GT,63.79,9.52,0,M Shahrukh Khan,MI,field first,M Shahrukh Khan,9,6,0,1,Sai Sudharsan,52,35,4,1,Hardik Pandya,3.2,0,24,1,Trent Boult,3.0,0,25,0,"Narendra Modi Stadium, Ahmedabad",69,26.14,8.33,19.96,142.6,48.17,141.32,34.28,7.36,27.9,26.91,8.29,19.4,8.67,0,0,1,0,190,0,0.67
1,GT,15,3,146,3,0,0,1,0,GT,63.79,9.41,0,Sai Sudharsan,MI,field first,Sai Sudharsan,52,35,4,1,Unknown,0,0,0,0,Hardik Pandya,3.3,0,24,2,Trent Boult,3.0,0,25,0,"Narendra Modi Stadium, Ahmedabad",69,26.14,8.33,48.17,141.32,0,0,34.28,7.36,27.9,26.91,8.29,19.4,8.67,0,0,1,0,188,0,0.85
1,GT,15,4,147,3,0,0,0,0,GT,60.83,9.38,0,Sherfane Rutherford,MI,field first,Sherfane Rutherford,1,1,0,0,Sai Sudharsan,52,35,4,1,Hardik Pandya,3.4,0,25,2,Trent Boult,3.0,0,25,0,"Narendra Modi Stadium, Ahmedabad",69,26.14,8.33,19.83,145.12,48.17,141.32,34.28,7.36,27.9,26.91,8.29,19.4,8.67,0,0,1,0,188,0,0.69
1,GT,15,5,148,3,0,0,0,0,GT,60.83,9.34,0,Sai Sudharsan,MI,field first,Sai Sudharsan,53,36,4,1,Sherfane Rutherford,1,1,0,0,Hardik Pandya,3.5,0,26,2,Trent Boult,3.0,0,25,0,"Narendra Modi Stadium, Ahmedabad",69,26.14,8.33,48.17,141.32,19.83,145.12,34.28,7.36,27.9,26.91,8.29,19.4,8.67,0,0,1,0,187,0,0.79
1,GT,15,6,149,3,0,0,0,0,GT,59.82,9.41,0,Sherfane Rutherford,MI,field first,Sherfane Rutherford,1,1,0,0,Sai Sudharsan,53,36,4,1,Hardik Pandya,3.5,0,27,2,Trent Boult,3.0,0,25,0,"Narendra Modi Stadium, Ahmedabad",69,26.14,8.33,19.83,145.12,48.17,141.32,34.28,7.36,27.9,26.91,8.29,19.4,8.67,0,0,1,0,187,0,0.7
1,GT,16,1,152,3,0,0,0,1,GT,62.81,9.5,0,Sherfane Rutherford,MI,field first,Sherfane Rutherford,2,2,0,0,Sai Sudharsan,53,36,4,1,Satyanarayana Raju,1.0,0,13,0,Hardik Pandya,4.0,0,29,2,"Narendra Modi Stadium, Ahmedabad",69,26.14,8.33,19.83,145.12,48.17,141.32,0.0,13.0,0.0,34.28,7.36,27.9,8.67,0,0,0,1,188,0,0.65
1,GT,16,2,159,3,0,0,0,0,GT,67.57,9.83,0,Sherfane Rutherford,MI,field first,Sherfane Rutherford,8,3,0,1,Sai Sudharsan,53,36,4,1,Satyanarayana Raju,1.1,0,20,0,Hardik Pandya,4.0,0,29,2,"Narendra Modi Stadium, Ahmedabad",69,26.14,8.33,19.83,145.12,48.17,141.32,0.0,13.0,0.0,34.28,7.36,27.9,8.67,0,0,0,1,195,0,0.67
1,GT,16,3,166,3,1,0,0,0,GT,68.48,10.06,0,Sai Sudharsan,MI,field first,Sai Sudharsan,59,37,4,2,Sherfane Rutherford,9,4,0,1,Satyanarayana Raju,1.3,0,27,0,Hardik Pandya,4.0,0,29,2,"Narendra Modi Stadium, Ahmedabad",69,26.14,8.33,48.17,141.32,19.83,145.12,0.0,13.0,0.0,34.28,7.36,27.9,8.67,0,0,0,1,201,0,0.81
1,GT,16,4,168,3,0,0,0,0,GT,71.98,10.08,0,Sai Sudharsan,MI,field first,Sai Sudharsan,61,38,4,2,Sherfane Rutherford,9,4,0,1,Satyanarayana Raju,1.4,0,29,0,Hardik Pandya,4.0,0,29,2,"Narendra Modi Stadium, Ahmedabad",69,26.14,8.33,48.17,141.32,19.83,145.12,0.0,13.0,0.0,34.28,7.36,27.9,8.67,0,0,0,1,202,0,0.8
1,GT,16,5,169,3,0,0,0,0,GT,71.98,10.03,0,Sai Sudharsan,MI,field first,Sai Sudharsan,62,39,4,2,Sherfane Rutherford,9,4,0,1,Satyanarayana Raju,1.5,0,30,0,Hardik Pandya,4.0,0,29,2,"Narendra Modi Stadium, Ahmedabad",69,26.14,8.33,48.17,141.32,19.83,145.12,0.0,13.0,0.0,34.28,7.36,27.9,8.67,0,0,0,1,201,0,0.8
1,GT,16,6,170,3,0,0,0,0,GT,71.98,10.0,0,Sherfane Rutherford,MI,field first,Sherfane Rutherford,10,5,0,1,Sai Sudharsan,62,39,4,2,Satyanarayana Raju,1.6,0,31,0,Hardik Pandya,4.0,0,29,2,"Narendra Modi Stadium, Ahmedabad",69,26.14,8.33,19.83,145.12,48.17,141.32,0.0,13.0,0.0,34.28,7.36,27.9,8.67,0,0,0,1,200,0,0.67
1,GT,17,1,176,3,1,0,0,0,GT,71.12,10.25,0,Sherfane Rutherford,MI,field first,Sherfane Rutherford,16,6,0,2,Sai Sudharsan,62,39,4,2,Trent Boult,3.1,0,31,0,Satyanarayana Raju,2.0,0,31,0,"Narendra Modi Stadium, Ahmedabad",69,26.14,8.33,19.83,145.12,48.17,141.32,26.91,8.29,19.4,0.0,13.0,0.0,8.67,0,0,0,1,205,0,0.64
1,GT,17,2,176,3,0,1,0,0,GT,75.22,10.15,0,Sherfane Rutherford,MI,field first,Sherfane Rutherford,16,7,0,2,Sai Sudharsan,62,39,4,2,Trent Boult,3.2,0,31,0,Satyanarayana Raju,2.0,0,31,0,"Narendra Modi Stadium, Ahmedabad",69,26.14,8.33,19.83,145.12,48.17,141.32,26.91,8.29,19.4,0.0,13.0,0.0,8.67,0,0,0,1,203,0,0.66
1,GT,17,3,177,3,0,0,0,0,GT,75.22,10.11,0,Sherfane Rutherford,MI,field first,Sherfane Rutherford,17,8,0,2,Sai Sudharsan,62,39,4,2,Trent Boult,3.3,0,32,0,Satyanarayana Raju,2.0,0,31,0,"Narendra Modi Stadium, Ahmedabad",69,26.14,8.33,19.83,145.12,48.17,141.32,26.91,8.29,19.4,0.0,13.0,0.0,8.67,0,0,0,1,202,0,0.68
1,GT,17,4,178,3,0,0,0,0,GT,74.43,10.07,0,Sai Sudharsan,MI,field first,Sai Sudharsan,63,40,4,2,Sherfane Rutherford,17,8,0,2,Trent Boult,3.4,0,33,0,Satyanarayana Raju,2.0,0,31,0,"Narendra Modi Stadium, Ahmedabad",69,26.14,8.33,48.17,141.32,19.83,145.12,26.91,8.29,19.4,0.0,13.0,0.0,8.67,0,0,0,1,201,0,0.69
1,GT,17,5,179,3,0,0,0,0,GT,72.81,10.03,0,Sherfane Rutherford,MI,field first,Sherfane Rutherford,18,9,0,2,Sai Sudharsan,63,40,4,2,Trent Boult,3.5,0,34,0,Satyanarayana Raju,2.0,0,31,0,"Narendra Modi Stadium, Ahmedabad",69,26.14,8.33,19.83,145.12,48.17,141.32,26.91,8.29,19.4,0.0,13.0,0.0,8.67,0,0,0,1,201,0,0.67
1,GT,17,6,179,4,0,0,1,0,GT,72.81,9.94,0,Sherfane Rutherford,MI,field first,Sherfane Rutherford,18,9,0,2,Unknown,0,0,0,0,Trent Boult,3.6,0,34,1,Satyanarayana Raju,2.0,0,31,0,"Narendra Modi Stadium, Ahmedabad",69,26.14,8.33,19.83,145.12,0,0,26.91,8.29,19.4,0.0,13.0,0.0,8.67,0,0,0,1,199,0,0.7
1,GT,18,1,179,4,0,1,0,0,GT,71.12,9.85,0,Sherfane Rutherford,MI,field first,Sherfane Rutherford,18,10,0,2,Rahul Tewatia,0,0,0,0,Deepak Chahar,3.1,0,32,0,Trent Boult,4.0,0,34,1,"Narendra Modi Stadium, Ahmedabad",69,26.14,8.33,19.83,145.12,46.36,133.64,28.7,7.99,21.5,26.91,8.29,19.4,8.67,0,0,0,1,197,0,0.67
1,GT,18,2,179,6,0,0,1,0,GT,69.36,9.76,0,Rashid Khan,MI,field first,Rashid Khan,0,0,0,0,Unknown,0,0,0,0,Deepak Chahar,3.2,0,32,1,Trent Boult,4.0,0,34,1,"Narendra Modi Stadium, Ahmedabad",69,26.14,8.33,14.72,161.72,0,0,28.7,7.99,21.5,26.91,8.29,19.4,8.67,0,0,0,1,195,0,0.45
1,GT,18,3,179,6,0,1,0,0,GT,65.68,9.67,0,Kagiso Rabada,MI,field first,Kagiso Rabada,0,1,0,0,Rashid Khan,0,0,0,0,Deepak Chahar,3.3,0,32,1,Trent Boult,4.0,0,34,1,"Narendra Modi Stadium, Ahmedabad",69,26.14,8.33,12.11,106.73,14.72,161.72,28.7,7.99,21.5,26.91,8.29,19.4,8.67,0,0,0,1,194,0,0.68
1,GT,18,4,185,6,1,0,0,0,GT,63.76,9.91,0,Kagiso Rabada,MI,field first,Kagiso Rabada,6,2,0,1,Rashid Khan,0,0,0,0,Deepak Chahar,3.4,0,38,1,Trent Boult,4.0,0,34,1,"Narendra Modi Stadium, Ahmedabad",69,26.14,8.33,12.11,106.73,14.72,161.72,28.7,7.99,21.5,26.91,8.29,19.4,8.67,0,0,0,1,198,0,0.7
1,GT,18,5,186,6,0,0,0,0,GT,67.54,9.87,0,Kagiso Rabada,MI,field first,Kagiso Rabada,7,3,0,1,Rashid Khan,0,0,0,0,Deepak Chahar,3.5,0,39,1,Trent Boult,4.0,0,34,1,"Narendra Modi Stadium, Ahmedabad",69,26.14,8.33,12.11,106.73,14.72,161.72,28.7,7.99,21.5,26.91,8.29,19.4,8.67,0,0,0,1,198,0,0.69
1,GT,18,6,186,6,0,1,0,0,GT,67.54,9.78,0,Rashid Khan,MI,field first,Rashid Khan,0,1,0,0,Kagiso Rabada,7,3,0,1,Deepak Chahar,3.6,0,39,1,Trent Boult,4.0,0,34,1,"Narendra Modi Stadium, Ahmedabad",69,26.14,8.33,14.72,161.72,12.11,106.73,28.7,7.99,21.5,26.91,8.29,19.4,8.67,0,0,0,1,196,0,0.47
1,GT,19,1,187,6,0,0,0,0,GT,65.67,9.75,0,Kagiso Rabada,MI,field first,Kagiso Rabada,7,4,0,1,Rashid Khan,0,1,0,0,Satyanarayana Raju,2.1,0,31,0,Deepak Chahar,4.0,0,39,1,"Narendra Modi Stadium, Ahmedabad",69,26.14,8.33,12.11,106.73,14.72,161.72,0.0,13.0,0.0,28.7,7.99,21.5,8.67,0,0,0,1,195,0,0.66
1,GT,19,2,188,6,0,0,0,1,GT,66.61,9.8,0,Rashid Khan,MI,field first,Rashid Khan,0,1,0,0,Kagiso Rabada,7,4,0,1,Satyanarayana Raju,2.1,0,32,0,Deepak Chahar,4.0,0,39,1,"Narendra Modi Stadium, Ahmedabad",69,26.14,8.33,14.72,161.72,12.11,106.73,0.0,13.0,0.0,28.7,7.99,21.5,8.67,0,0,0,1,195,0,0.4
1,GT,19,3,194,6,0,1,0,0,GT,71.1,9.94,0,Rashid Khan,MI,field first,Rashid Khan,6,3,0,1,Kagiso Rabada,7,4,0,1,Satyanarayana Raju,2.3,0,38,0,Deepak Chahar,4.0,0,39,1,"Narendra Modi Stadium, Ahmedabad",69,26.14,8.33,14.72,161.72,12.11,106.73,0.0,13.0,0.0,28.7,7.99,21.5,8.67,0,0,0,1,199,0,0.42
1,GT,19,4,194,7,0,0,1,0,GT,69.35,9.86,0,Kagiso Rabada,MI,field first,Kagiso Rabada,7,4,0,1,Unknown,0,0,0,0,Satyanarayana Raju,2.4,0,38,1,Deepak Chahar,4.0,0,39,1,"Narendra Modi Stadium, Ahmedabad",69,26.14,8.33,12.11,106.73,0,0,0.0,13.0,0.0,28.7,7.99,21.5,8.67,0,0,0,1,197,0,0.73
1,GT,19,5,195,7,0,0,0,0,GT,67.53,9.83,0,Sai Kishore,MI,field first,Sai Kishore,1,1,0,0,Kagiso Rabada,7,4,0,1,Satyanarayana Raju,2.5,0,39,1,Deepak Chahar,4.0,0,39,1,"Narendra Modi Stadium, Ahmedabad",69,26.14,8.33,13.0,216.66,12.11,106.73,0.0,13.0,0.0,28.7,7.99,21.5,8.67,0,0,0,1,197,0,0.66
1,GT,19,6,196,7,0,0,0,1,GT,68.45,9.88,0,Kagiso Rabada,MI,field first,Kagiso Rabada,7,4,0,1,Sai Kishore,1,1,0,0,Satyanarayana Raju,2.5,0,40,1,Deepak Chahar,4.0,0,39,1,"Narendra Modi Stadium, Ahmedabad",69,26.14,8.33,12.11,106.73,13.0,216.66,0.0,13.0,0.0,28.7,7.99,21.5,8.67,0,0,0,1,196,0,0.71
2,MI,0,1,0,0,0,1,0,0,GT,66.6,,9.93,Rohit Sharma,MI,field first,Rohit Sharma,0,1,0,0,Ryan Rickelton,0,0,0,0,Mohammed Siraj,0.1,0,0,0,Unknown,0,0,0,0,"Narendra Modi Stadium, Ahmedabad",69,26.14,8.33,4.71,88.0,13.0,185.71,26.6,9.85,16.2,0,0,0,1,0,0,5.0,0.26
2,MI,0,2,4,0,1,0,0,0,GT,69.79,12.0,9.81,Rohit Sharma,MI,field first,Rohit Sharma,4,2,1,0,Ryan Rickelton,0,0,0,0,Mohammed Siraj,0.2,0,4,0,Unknown,0,0,0,0,"Narendra Modi Stadium, Ahmedabad",69,26.14,8.33,4.71,88.0,13.0,185.71,26.6,9.85,16.2,0,0,0,1,0,0,240,4.9,0.27
2,MI,0,3,8,0,1,0,0,0,GT,67.17,16.0,9.69,Rohit Sharma,MI,field first,Rohit Sharma,8,3,2,0,Ryan Rickelton,0,0,0,0,Mohammed Siraj,0.3,0,8,0,Unknown,0,0,0,0,"Narendra Modi Stadium, Ahmedabad",69,26.14,8.33,4.71,88.0,13.0,185.71,26.6,9.85,16.2,0,0,0,1,0,0,320,4.8,0.25
2,MI,0,4,8,1,0,0,1,0,GT,64.39,12.0,9.78,Ryan Rickelton,MI,field first,Ryan Rickelton,0,0,0,0,Unknown,0,0,0,0,Mohammed Siraj,0.4,0,8,1,Unknown,0,0,0,0,"Narendra Modi Stadium, Ahmedabad",69,26.14,8.33,13.0,185.71,0,0,26.6,9.85,16.2,0,0,0,1,0,0,240,5.4,0.33
2,MI,0,5,8,1,0,1,0,0,GT,69.68,9.6,9.86,Tilak Varma,MI,field first,Tilak Varma,0,1,0,0,Ryan Rickelton,0,0,0,0,Mohammed Siraj,0.5,0,8,1,Unknown,0,0,0,0,"Narendra Modi Stadium, Ahmedabad",69,26.14,8.33,39.56,145.64,13.0,185.71,26.6,9.85,16.2,0,0,0,1,0,0,192,5.4,0.38
2,MI,0,6,9,1,0,0,0,0,GT,70.71,9.0,9.89,Tilak Varma,MI,field first,Tilak Varma,1,2,0,0,Ryan Rickelton,0,0,0,0,Mohammed Siraj,0.6,0,9,1,Unknown,0,0,0,0,"Narendra Modi Stadium, Ahmedabad",69,26.14,8.33,39.56,145.64,13.0,185.71,26.6,9.85,16.2,0,0,0,1,0,0,180,5.4,0.32
2,MI,1,1,9,1,0,1,0,0,GT,71.18,7.71,9.98,Tilak Varma,MI,field first,Tilak Varma,1,3,0,0,Ryan Rickelton,0,0,0,0,Kagiso Rabada,0.1,0,0,0,Mohammed Siraj,1.0,0,9,1,"Narendra Modi Stadium, Ahmedabad",69,26.14,8.33,39.56,145.64,13.0,185.71,22.12,8.5,15.6,26.6,9.85,16.2,7.0,0,1,0,0,154,5.5,0.26
2,MI,1,2,9,1,0,1,0,0,GT,72.73,6.75,10.07,Tilak Varma,MI,field first,Tilak Varma,1,4,0,0,Ryan Rickelton,0,0,0,0,Kagiso Rabada,0.2,0,0,0,Mohammed Siraj,1.0,0,9,1,"Narendra Modi Stadium, Ahmedabad",69,26.14,8.33,39.56,145.64,13.0,185.71,22.12,8.5,15.6,26.6,9.85,16.2,7.0,0,1,0,0,135,5.5,0.2
2,MI,1,3,13,1,1,0,0,0,GT,74.24,8.66,9.95,Tilak Varma,MI,field first,Tilak Varma,5,5,1,0,Ryan Rickelton,0,0,0,0,Kagiso Rabada,0.3,0,4,0,Mohammed Siraj,1.0,0,9,1,"Narendra Modi Stadium, Ahmedabad",69,26.14,8.33,39.56,145.64,13.0,185.71,22.12,8.5,15.6,26.6,9.85,16.2,7.0,0,1,0,0,173,5.5,0.29
2,MI,1,4,17,1,1,0,0,0,GT,71.72,10.2,9.82,Tilak Varma,MI,field first,Tilak Varma,9,6,2,0,Ryan Rickelton,0,0,0,0,Kagiso Rabada,0.4,0,8,0,Mohammed Siraj,1.0,0,9,1,"Narendra Modi Stadium, Ahmedabad",69,26.14,8.33,39.56,145.64,13.0,185.71,22.12,8.5,15.6,26.6,9.85,16.2,7.0,0,1,0,0,204,5.4,0.31
2,MI,1,5,23,1,1,0,0,0,GT,68.4,12.54,9.58,Tilak Varma,MI,field first,Tilak Varma,15,7,2,1,Ryan Rickelton,0,0,0,0,Kagiso Rabada,0.5,0,14,0,Mohammed Siraj,1.0,0,9,1,"Narendra Modi Stadium, Ahmedabad",69,26.14,8.33,39.56,145.64,13.0,185.71,22.12,8.5,15.6,26.6,9.85,16.2,7.0,0,1,0,0,251,5.3,0.35
2,MI,1,6,24,1,0,0,0,0,GT,63.38,12.0,9.61,Tilak Varma,MI,field first,Tilak Varma,16,8,2,1,Ryan Rickelton,0,0,0,0,Kagiso Rabada,0.6,0,15,0,Mohammed Siraj,1.0,0,9,1,"Narendra Modi Stadium, Ahmedabad",69,26.14,8.33,39.56,145.64,13.0,185.71,22.12,8.5,15.6,26.6,9.85,16.2,7.0,0,1,0,0,240,5.3,0.36
2,MI,2,1,25,1,0,0,0,0,GT,63.38,11.53,9.64,Tilak Varma,MI,field first,Tilak Varma,17,9,2,1,Ryan Rickelton,0,0,0,0,Mohammed Siraj,1.1,0,10,1,Kagiso Rabada,1.0,0,15,0,"Narendra Modi Stadium, Ahmedabad",69,26.14,8.33,39.56,145.64,13.0,185.71,26.6,9.85,16.2,22.12,8.5,15.6,7.0,0,1,0,0,231,5.3,0.37
2,MI,2,2,25,1,0,1,0,0,GT,63.37,10.71,9.74,Ryan Rickelton,MI,field first,Ryan Rickelton,0,1,0,0,Tilak Varma,17,9,2,1,Mohammed Siraj,1.2,0,10,1,Kagiso Rabada,1.0,0,15,0,"Narendra Modi Stadium, Ahmedabad",69,26.14,8.33,13.0,185.71,39.56,145.64,26.6,9.85,16.2,22.12,8.5,15.6,7.0,0,1,0,0,214,5.4,0.4
2,MI,2,3,25,1,0,1,0,0,GT,65.14,10.0,9.83,Ryan Rickelton,MI,field first,Ryan Rickelton,0,2,0,0,Tilak Varma,17,9,2,1,Mohammed Siraj,1.3,0,10,1,Kagiso Rabada,1.0,0,15,0,"Narendra Modi Stadium, Ahmedabad",69,26.14,8.33,13.0,185.71,39.56,145.64,26.6,9.85,16.2,22.12,8.5,15.6,7.0,0,1,0,0,200,5.4,0.4
2,MI,2,4,29,1,1,0,0,0,GT,66.24,10.87,9.69,Ryan Rickelton,MI,field first,Ryan Rickelton,4,3,1,0,Tilak Varma,17,9,2,1,Mohammed Siraj,1.4,0,14,1,Kagiso Rabada,1.0,0,15,0,"Narendra Modi Stadium, Ahmedabad",69,26.14,8.33,13.0,185.71,39.56,145.64,26.6,9.85,16.2,22.12,8.5,15.6,7.0,0,1,0,0,217,5.3,0.42
2,MI,2,5,29,1,0,1,0,0,GT,63.63,10.23,9.79,Ryan Rickelton,MI,field first,Ryan Rickelton,4,4,1,0,Tilak Varma,17,9,2,1,Mohammed Siraj,1.5,0,14,1,Kagiso Rabada,1.0,0,15,0,"Narendra Modi Stadium, Ahmedabad",69,26.14,8.33,13.0,185.71,39.56,145.64,26.6,9.85,16.2,22.12,8.5,15.6,7.0,0,1,0,0,205,5.4,0.42
2,MI,2,6,30,1,0,0,0,0,GT,64.09,10.0,9.82,Ryan Rickelton,MI,field first,Ryan Rickelton,5,5,1,0,Tilak Varma,17,9,2,1,Mohammed Siraj,1.6,0,15,1,Kagiso Rabada,1.0,0,15,0,"Narendra Modi Stadium, Ahmedabad",69,26.14,8.33,13.0,185.71,39.56,145.64,26.6,9.85,16.2,22.12,8.5,15.6,7.0,0,1,0,0,200,5.4,0.41
2,MI,3,1,30,1,0,1,0,0,GT,65.02,9.47,9.92,Ryan Rickelton,MI,field first,Ryan Rickelton,5,6,1,0,Tilak Varma,17,9,2,1,Ishant Sharma,0.1,0,0,0,Mohammed Siraj,2.0,0,15,1,"Narendra Modi Stadium, Ahmedabad",69,26.14,8.33,13.0,185.71,39.56,145.64,34.34,8.25,24.9,26.6,9.85,16.2,8.67,0,1,0,0,189,5.5,0.36
2,MI,3,2,31,1,0,0,0,1,GT,66.95,9.78,9.96,Ryan Rickelton,MI,field first,Ryan Rickelton,5,6,1,0,Tilak Varma,17,9,2,1,Ishant Sharma,0.1,0,1,0,Mohammed Siraj,2.0,0,15,1,"Narendra Modi Stadium, Ahmedabad",69,26.14,8.33,13.0,185.71,39.56,145.64,34.34,8.25,24.9,26.6,9.85,16.2,8.67,0,1,0,0,194,5.5,0.37
2,MI,3,3,32,1,0,1,0,0,GT,66.65,9.14,10.0,Tilak Varma,MI,field first,Tilak Varma,17,10,2,1,Ryan Rickelton,6,7,1,0,Ishant Sharma,0.3,0,2,0,Mohammed Siraj,2.0,0,15,1,"Narendra Modi Stadium, Ahmedabad",69,26.14,8.33,39.56,145.64,13.0,185.71,34.34,8.25,24.9,26.6,9.85,16.2,8.67,0,1,0,0,183,5.5,0.25
2,MI,3,4,32,1,0,1,0,0,GT,67.92,8.72,10.1,Tilak Varma,MI,field first,Tilak Varma,17,11,2,1,Ryan Rickelton,6,7,1,0,Ishant Sharma,0.4,0,2,0,Mohammed Siraj,2.0,0,15,1,"Narendra Modi Stadium, Ahmedabad",69,26.14,8.33,39.56,145.64,13.0,185.71,34.34,8.25,24.9,26.6,9.85,16.2,8.67,0,1,0,0,174,5.5,0.23
2,MI,3,5,32,1,0,1,0,0,GT,70.47,8.34,10.21,Tilak Varma,MI,field first,Tilak Varma,17,12,2,1,Ryan Rickelton,6,7,1,0,Ishant Sharma,0.5,0,2,0,Mohammed Siraj,2.0,0,15,1,"Narendra Modi Stadium, Ahmedabad",69,26.14,8.33,39.56,145.64,13.0,185.71,34.34,8.25,24.9,26.6,9.85,16.2,8.67,0,1,0,0,167,5.6,0.21
2,MI,3,6,32,1,0,1,0,0,GT,75.01,8.0,10.31,Tilak Varma,MI,field first,Tilak Varma,17,13,2,1,Ryan Rickelton,6,7,1,0,Ishant Sharma,0.6,0,2,0,Mohammed Siraj,2.0,0,15,1,"Narendra Modi Stadium, Ahmedabad",69,26.14,8.33,39.56,145.64,13.0,185.71,34.34,8.25,24.9,26.6,9.85,16.2,8.67,0,1,0,0,160,5.7,0.2
2,MI,4,1,33,1,0,0,0,1,GT,75.01,7.92,10.36,Ryan Rickelton,MI,field first,Ryan Rickelton,6,8,1,0,Tilak Varma,17,13,2,1,Mohammed Siraj,2.1,0,15,1,Ishant Sharma,1.0,0,2,0,"Narendra Modi Stadium, Ahmedabad",69,26.14,8.33,13.0,185.71,39.56,145.64,26.6,9.85,16.2,34.34,8.25,24.9,8.67,0,1,0,0,158,5.7,0.33
2,MI,4,2,34,1,0,0,0,0,GT,76.21,7.84,10.4,Tilak Varma,MI,field first,Tilak Varma,18,14,2,1,Ryan Rickelton,6,8,1,0,Mohammed Siraj,2.2,0,16,1,Ishant Sharma,1.0,0,2,0,"Narendra Modi Stadium, Ahmedabad",69,26.14,8.33,39.56,145.64,13.0,185.71,26.6,9.85,16.2,34.34,8.25,24.9,8.67,0,1,0,0,157,5.7,0.16
2,MI,4,3,35,1,0,0,0,1,GT,76.88,8.07,10.45,Ryan Rickelton,MI,field first,Ryan Rickelton,6,8,1,0,Tilak Varma,18,14,2,1,Mohammed Siraj,2.2,0,17,1,Ishant Sharma,1.0,0,2,0,"Narendra Modi Stadium, Ahmedabad",69,26.14,8.33,13.0,185.71,39.56,145.64,26.6,9.85,16.2,34.34,8.25,24.9,8.67,0,1,0,0,160,5.7,0.32
2,MI,4,4,35,2,0,1,0,0,GT,83.21,7.5,10.57,Suryakumar Yadav,MI,field first,Suryakumar Yadav,0,1,0,0,Tilak Varma,18,14,2,1,Mohammed Siraj,2.4,0,17,2,Ishant Sharma,1.0,0,2,0,"Narendra Modi Stadium, Ahmedabad",69,26.14,8.33,32.29,145.3,39.56,145.64,26.6,9.85,16.2,34.34,8.25,24.9,8.67,0,1,0,0,150,5.8,0.26
2,MI,4,5,36,2,0,0,0,1,GT,83.21,7.71,10.62,Suryakumar Yadav,MI,field first,Suryakumar Yadav,0,1,0,0,Tilak Varma,18,14,2,1,Mohammed Siraj,2.4,0,18,2,Ishant Sharma,1.0,0,2,0,"Narendra Modi Stadium, Ahmedabad",69,26.14,8.33,32.29,145.3,39.56,145.64,26.6,9.85,16.2,34.34,8.25,24.9,8.67,0,1,0,0,153,5.8,0.26
2,MI,4,6,44,2,0,0,0,0,GT,79.43,8.8,10.2,Suryakumar Yadav,MI,field first,Suryakumar Yadav,8,3,0,1,Tilak Varma,18,14,2,1,Mohammed Siraj,2.6,0,26,2,Ishant Sharma,1.0,0,2,0,"Narendra Modi Stadium, Ahmedabad",69,26.14,8.33,32.29,145.3,39.56,145.64,26.6,9.85,16.2,34.34,8.25,24.9,8.67,0,1,0,0,176,5.6,0.42
2,MI,5,1,44,2,0,1,0,0,GT,77.6,8.51,10.31,Tilak Varma,MI,field first,Tilak Varma,18,15,2,1,Suryakumar Yadav,8,3,0,1,Rashid Khan,0.1,0,0,0,Mohammed Siraj,3.0,0,26,2,"Narendra Modi Stadium, Ahmedabad",69,26.14,8.33,39.56,145.64,32.29,145.3,22.0,6.86,19.2,26.6,9.85,16.2,8.67,0,1,0,0,170,5.7,0.24
2,MI,5,2,45,2,0,0,0,0,GT,79.33,8.43,10.36,Tilak Varma,MI,field first,Tilak Varma,19,16,2,1,Suryakumar Yadav,8,3,0,1,Rashid Khan,0.2,0,1,0,Mohammed Siraj,3.0,0,26,2,"Narendra Modi Stadium, Ahmedabad",69,26.14,8.33,39.56,145.64,32.29,145.3,22.0,6.86,19.2,26.6,9.85,16.2,8.67,0,1,0,0,169,5.7,0.25
2,MI,5,3,45,2,0,1,0,0,GT,79.57,8.18,10.48,Suryakumar Yadav,MI,field first,Suryakumar Yadav,8,4,0,1,Tilak Varma,19,16,2,1,Rashid Khan,0.3,0,1,0,Mohammed Siraj,3.0,0,26,2,"Narendra Modi Stadium, Ahmedabad",69,26.14,8.33,32.29,145.3,39.56,145.64,22.0,6.86,19.2,26.6,9.85,16.2,8.67,0,1,0,0,164,5.7,0.37
2,MI,5,4,46,2,0,0,0,0,GT,80.73,8.11,10.53,Suryakumar Yadav,MI,field first,Suryakumar Yadav,9,5,0,1,Tilak Varma,19,16,2,1,Rashid Khan,0.4,0,2,0,Mohammed Siraj,3.0,0,26,2,"Narendra Modi Stadium, Ahmedabad",69,26.14,8.33,32.29,145.3,39.56,145.64,22.0,6.86,19.2,26.6,9.85,16.2,8.67,0,1,0,0,162,5.8,0.37
2,MI,5,5,48,2,0,0,0,0,GT,82.41,8.22,10.52,Tilak Varma,MI,field first,Tilak Varma,20,17,2,1,Suryakumar Yadav,9,5,0,1,Rashid Khan,0.5,0,4,0,Mohammed Siraj,3.0,0,26,2,"Narendra Modi Stadium, Ahmedabad",69,26.14,8.33,39.56,145.64,32.29,145.3,22.0,6.86,19.2,26.6,9.85,16.2,8.67,0,1,0,0,164,5.8,0.22
2,MI,5,6,48,2,0,1,0,0,GT,81.83,8.0,10.64,Suryakumar Yadav,MI,field first,Suryakumar Yadav,9,6,0,1,Tilak Varma,20,17,2,1,Rashid Khan,0.6,0,4,0,Mohammed Siraj,3.0,0,26,2,"Narendra Modi Stadium, Ahmedabad",69,26.14,8.33,32.29,145.3,39.56,145.64,22.0,6.86,19.2,26.6,9.85,16.2,8.67,0,1,0,0,160,5.8,0.37
2,MI,6,1,49,2,0,0,0,0,GT,82.86,7.94,10.7,Tilak Varma,MI,field first,Tilak Varma,21,18,2,1,Suryakumar Yadav,9,6,0,1,Kagiso Rabada,1.1,0,16,0,Rashid Khan,1.0,0,4,0,"Narendra Modi Stadium, Ahmedabad",69,26.14,8.33,39.56,145.64,32.29,145.3,22.12,8.5,15.6,22.0,6.86,19.2,8.67,0,0,1,0,159,5.8,0.21
2,MI,6,2,50,2,0,0,0,0,GT,83.89,7.89,10.76,Suryakumar Yadav,MI,field first,Suryakumar Yadav,10,7,0,1,Tilak Varma,21,18,2,1,Kagiso Rabada,1.2,0,17,0,Rashid Khan,1.0,0,4,0,"Narendra Modi Stadium, Ahmedabad",69,26.14,8.33,32.29,145.3,39.56,145.64,22.12,8.5,15.6,22.0,6.86,19.2,8.67,0,0,1,0,158,5.9,0.33
2,MI,6,3,51,2,0,0,0,0,GT,84.1,7.84,10.81,Tilak Varma,MI,field first,Tilak Varma,22,19,2,1,Suryakumar Yadav,10,7,0,1,Kagiso Rabada,1.3,0,18,0,Rashid Khan,1.0,0,4,0,"Narendra Modi Stadium, Ahmedabad",69,26.14,8.33,39.56,145.64,32.29,145.3,22.12,8.5,15.6,22.0,6.86,19.2,8.67,0,0,1,0,157,5.9,0.22
2,MI,6,4,52,2,0,0,0,0,GT,84.69,7.8,10.88,Suryakumar Yadav,MI,field first,Suryakumar Yadav,11,8,0,1,Tilak Varma,22,19,2,1,Kagiso Rabada,1.4,0,19,0,Rashid Khan,1.0,0,4,0,"Narendra Modi Stadium, Ahmedabad",69,26.14,8.33,32.29,145.3,39.56,145.64,22.12,8.5,15.6,22.0,6.86,19.2,8.67,0,0,1,0,156,5.9,0.33
2,MI,6,5,54,2,0,0,0,0,GT,84.72,7.9,10.86,Tilak Varma,MI,field first,Tilak Varma,24,20,2,1,Suryakumar Yadav,11,8,0,1,Kagiso Rabada,1.5,0,21,0,Rashid Khan,1.0,0,4,0,"Narendra Modi Stadium, Ahmedabad",69,26.14,8.33,39.56,145.64,32.29,145.3,22.12,8.5,15.6,22.0,6.86,19.2,8.67,0,0,1,0,158,5.9,0.21
2,MI,6,6,54,2,0,1,0,0,GT,84.72,7.71,11.0,Tilak Varma,MI,field first,Tilak Varma,24,21,2,1,Suryakumar Yadav,11,8,0,1,Kagiso Rabada,1.6,0,21,0,Rashid Khan,1.0,0,4,0,"Narendra Modi Stadium, Ahmedabad",69,26.14,8.33,39.56,145.64,32.29,145.3,22.12,8.5,15.6,22.0,6.86,19.2,8.67,0,0,1,0,154,6.0,0.21
2,MI,7,1,55,2,0,0,0,0,GT,86.13,7.67,11.06,Suryakumar Yadav,MI,field first,Suryakumar Yadav,12,9,0,1,Tilak Varma,24,21,2,1,Ishant Sharma,1.1,0,3,0,Kagiso Rabada,2.0,0,21,0,"Narendra Modi Stadium, Ahmedabad",69,26.14,8.33,32.29,145.3,39.56,145.64,34.34,8.25,24.9,22.12,8.5,15.6,8.67,0,0,1,0,153,6.0,0.29
2,MI,7,2,59,2,1,0,0,0,GT,86.13,8.04,10.89,Tilak Varma,MI,field first,Tilak Varma,28,22,3,1,Suryakumar Yadav,12,9,0,1,Ishant Sharma,1.2,0,7,0,Kagiso Rabada,2.0,0,21,0,"Narendra Modi Stadium, Ahmedabad",69,26.14,8.33,39.56,145.64,32.29,145.3,34.34,8.25,24.9,22.12,8.5,15.6,8.67,0,0,1,0,161,5.9,0.22
2,MI,7,3,60,2,0,0,0,1,GT,84.03,8.18,10.96,Tilak Varma,MI,field first,Tilak Varma,28,22,3,1,Suryakumar Yadav,12,9,0,1,Ishant Sharma,1.2,0,8,0,Kagiso Rabada,2.0,0,21,0,"Narendra Modi Stadium, Ahmedabad",69,26.14,8.33,39.56,145.64,32.29,145.3,34.34,8.25,24.9,22.12,8.5,15.6,8.67,0,0,1,0,162,6.0,0.22
2,MI,7,4,67,2,1,0,0,0,GT,83.03,8.73,10.54,Suryakumar Yadav,MI,field first,Suryakumar Yadav,18,10,0,2,Tilak Varma,29,23,3,1,Ishant Sharma,1.4,0,15,0,Kagiso Rabada,2.0,0,21,0,"Narendra Modi Stadium, Ahmedabad",69,26.14,8.33,32.29,145.3,39.56,145.64,34.34,8.25,24.9,22.12,8.5,15.6,8.67,0,0,1,0,175,5.8,0.38
2,MI,7,5,68,2,0,0,0,0,GT,78.29,8.68,10.6,Suryakumar Yadav,MI,field first,Suryakumar Yadav,19,11,0,2,Tilak Varma,29,23,3,1,Ishant Sharma,1.5,0,16,0,Kagiso Rabada,2.0,0,21,0,"Narendra Modi Stadium, Ahmedabad",69,26.14,8.33,32.29,145.3,39.56,145.64,34.34,8.25,24.9,22.12,8.5,15.6,8.67,0,0,1,0,174,5.8,0.36
2,MI,7,6,69,2,0,0,0,0,GT,76.75,8.62,10.67,Tilak Varma,MI,field first,Tilak Varma,30,24,3,1,Suryakumar Yadav,19,11,0,2,Ishant Sharma,1.6,0,17,0,Kagiso Rabada,2.0,0,21,0,"Narendra Modi Stadium, Ahmedabad",69,26.14,8.33,39.56,145.64,32.29,145.3,34.34,8.25,24.9,22.12,8.5,15.6,8.67,0,0,1,0,172,5.8,0.21
2,MI,8,1,72,2,0,0,0,0,GT,77.53,8.81,10.56,Tilak Varma,MI,field first,Tilak Varma,33,25,3,1,Suryakumar Yadav,19,11,0,2,Sai Kishore,0.1,0,3,0,Ishant Sharma,2.0,0,17,0,"Narendra Modi Stadium, Ahmedabad",69,26.14,8.33,39.56,145.64,32.29,145.3,18.0,8.22,13.1,34.34,8.25,24.9,8.67,0,0,1,0,176,5.8,0.2
2,MI,8,2,73,2,0,0,0,0,GT,75.29,8.76,10.63,Suryakumar Yadav,MI,field first,Suryakumar Yadav,20,12,0,2,Tilak Varma,33,25,3,1,Sai Kishore,0.2,0,4,0,Ishant Sharma,2.0,0,17,0,"Narendra Modi Stadium, Ahmedabad",69,26.14,8.33,32.29,145.3,39.56,145.64,18.0,8.22,13.1,34.34,8.25,24.9,8.67,0,0,1,0,175,5.8,0.35
2,MI,8,3,74,2,0,0,0,0,GT,76.47,8.7,10.7,Tilak Varma,MI,field first,Tilak Varma,34,26,3,1,Suryakumar Yadav,20,12,0,2,Sai Kishore,0.3,0,5,0,Ishant Sharma,2.0,0,17,0,"Narendra Modi Stadium, Ahmedabad",69,26.14,8.33,39.56,145.64,32.29,145.3,18.0,8.22,13.1,34.34,8.25,24.9,8.67,0,0,1,0,174,5.8,0.2
2,MI,8,4,75,2,0,0,0,0,GT,76.75,8.65,10.76,Suryakumar Yadav,MI,field first,Suryakumar Yadav,21,13,0,2,Tilak Varma,34,26,3,2,Sai Kishore,0.4,0,6,0,Ishant Sharma,2.0,0,17,0,"Narendra Modi Stadium, Ahmedabad",69,26.14,8.33,32.29,145.3,39.56,145.64,18.0,8.22,13.1,34.34,8.25,24.9,8.67,0,0,1,0,173,5.9,0.35
2,MI,8,5,76,2,0,0,0,0,GT,76.75,8.6,10.84,Tilak Varma,MI,field first,Tilak Varma,35,27,3,1,Suryakumar Yadav,21,13,0,2,Sai Kishore,0.5,0,7,0,Ishant Sharma,2.0,0,17,0,"Narendra Modi Stadium, Ahmedabad",69,26.14,8.33,39.56,145.64,32.29,145.3,18.0,8.22,13.1,34.34,8.25,24.9,8.67,0,0,1,0,172,5.9,0.18
2,MI,8,6,80,2,1,0,0,0,GT,74.1,8.88,10.64,Suryakumar Yadav,MI,field first,Suryakumar Yadav,25,14,1,2,Tilak Varma,35,27,3,1,Sai Kishore,0.6,0,11,0,Ishant Sharma,2.0,0,17,0,"Narendra Modi Stadium, Ahmedabad",69,26.14,8.33,32.29,145.3,39.56,145.64,18.0,8.22,13.1,34.34,8.25,24.9,8.67,0,0,1,0,178,5.8,0.35
2,MI,9,1,81,2,0,0,0,0,GT,74.1,8.83,10.71,Tilak Varma,MI,field first,Tilak Varma,36,28,3,1,Suryakumar Yadav,25,14,1,2,Rashid Khan,1.1,0,5,0,Sai Kishore,1.0,0,11,0,"Narendra Modi Stadium, Ahmedabad",69,26.14,8.33,39.56,145.64,32.29,145.3,22.0,6.86,19.2,18.0,8.22,13.1,8.67,0,0,1,0,177,5.9,0.17
2,MI,9,2,82,2,0,0,0,0,GT,72.92,8.78,10.78,Suryakumar Yadav,MI,field first,Suryakumar Yadav,26,15,1,2,Tilak Varma,36,28,3,1,Rashid Khan,1.2,0,6,0,Sai Kishore,1.0,0,11,0,"Narendra Modi Stadium, Ahmedabad",69,26.14,8.33,32.29,145.3,39.56,145.64,22.0,6.86,19.2,18.0,8.22,13.1,8.67,0,0,1,0,176,5.9,0.38
2,MI,9,3,83,2,0,0,0,0,GT,73.23,8.73,10.86,Tilak Varma,MI,field first,Tilak Varma,37,29,3,1,Suryakumar Yadav,26,15,1,2,Rashid Khan,1.3,0,7,0,Sai Kishore,1.0,0,11,0,"Narendra Modi Stadium, Ahmedabad",69,26.14,8.33,39.56,145.64,32.29,145.3,22.0,6.86,19.2,18.0,8.22,13.1,8.67,0,0,1,0,175,5.9,0.16
2,MI,9,4,85,2,0,0,0,0,GT,73.18,8.79,10.84,Suryakumar Yadav,MI,field first,Suryakumar Yadav,28,16,1,2,Tilak Varma,37,29,3,1,Rashid Khan,1.4,0,9,0,Sai Kishore,1.0,0,11,0,"Narendra Modi Stadium, Ahmedabad",69,26.14,8.33,32.29,145.3,39.56,145.64,22.0,6.86,19.2,18.0,8.22,13.1,8.67,0,0,1,0,176,5.9,0.38
2,MI,9,5,86,2,0,0,0,0,GT,73.18,8.74,10.92,Suryakumar Yadav,MI,field first,Suryakumar Yadav,29,17,1,2,Tilak Varma,37,29,3,1,Rashid Khan,1.5,0,10,0,Sai Kishore,1.0,0,11,0,"Narendra Modi Stadium, Ahmedabad",69,26.14,8.33,32.29,145.3,39.56,145.64,22.0,6.86,19.2,18.0,8.22,13.1,8.67,0,0,1,0,175,6.0,0.37
2,MI,9,6,86,2,0,1,0,0,GT,74.32,8.6,11.1,Tilak Varma,MI,field first,Tilak Varma,37,30,3,1,Suryakumar Yadav,29,17,1,2,Rashid Khan,1.6,0,10,0,Sai Kishore,1.0,0,11,0,"Narendra Modi Stadium, Ahmedabad",69,26.14,8.33,39.56,145.64,32.29,145.3,22.0,6.86,19.2,18.0,8.22,13.1,8.67,0,0,1,0,172,6.0,0.15
2,MI,10,1,87,2,0,0,0,0,GT,75.34,8.55,11.19,Suryakumar Yadav,MI,field first,Suryakumar Yadav,30,18,1,2,Tilak Varma,37,30,3,1,Sai Kishore,1.1,0,12,0,Rashid Khan,2.0,0,10,0,"Narendra Modi Stadium, Ahmedabad",69,26.14,8.33,32.29,145.3,39.56,145.64,18.0,8.22,13.1,22.0,6.86,19.2,8.67,0,0,1,0,171,6.1,0.32
2,MI,10,2,88,2,0,0,0,0,GT,76.15,8.51,11.28,Tilak Varma,MI,field first,Tilak Varma,38,31,3,1,Suryakumar Yadav,30,18,1,2,Sai Kishore,1.2,0,13,0,Rashid Khan,2.0,0,10,0,"Narendra Modi Stadium, Ahmedabad",69,26.14,8.33,39.56,145.64,32.29,145.3,18.0,8.22,13.1,22.0,6.86,19.2,8.67,0,0,1,0,170,6.1,0.21
2,MI,10,3,94,2,1,0,0,0,GT,76.31,8.95,10.84,Suryakumar Yadav,MI,field first,Suryakumar Yadav,36,19,1,3,Tilak Varma,38,31,3,1,Sai Kishore,1.3,0,19,0,Rashid Khan,2.0,0,10,0,"Narendra Modi Stadium, Ahmedabad",69,26.14,8.33,32.29,145.3,39.56,145.64,18.0,8.22,13.1,22.0,6.86,19.2,8.67,0,0,1,0,179,5.9,0.36
2,MI,10,4,95,2,0,0,0,0,GT,69.5,8.9,10.93,Suryakumar Yadav,MI,field first,Suryakumar Yadav,37,20,1,3,Tilak Varma,38,31,3,1,Sai Kishore,1.4,0,20,0,Rashid Khan,2.0,0,10,0,"Narendra Modi Stadium, Ahmedabad",69,26.14,8.33,32.29,145.3,39.56,145.64,18.0,8.22,13.1,22.0,6.86,19.2,8.67,0,0,1,0,178,6.0,0.33
2,MI,10,5,96,2,0,0,0,1,GT,67.02,9.0,11.02,Tilak Varma,MI,field first,Tilak Varma,38,31,3,1,Suryakumar Yadav,37,20,1,3,Sai Kishore,1.4,0,21,0,Rashid Khan,2.0,0,10,0,"Narendra Modi Stadium, Ahmedabad",69,26.14,8.33,39.56,145.64,32.29,145.3,18.0,8.22,13.1,22.0,6.86,19.2,8.67,0,0,1,0,178,6.0,0.19
2,MI,10,6,97,2,0,0,0,0,GT,68.97,8.81,11.11,Tilak Varma,MI,field first,Tilak Varma,39,33,3,1,Suryakumar Yadav,37,20,1,3,Sai Kishore,1.6,0,22,0,Rashid Khan,2.0,0,10,0,"Narendra Modi Stadium, Ahmedabad",69,26.14,8.33,39.56,145.64,32.29,145.3,18.0,8.22,13.1,22.0,6.86,19.2,8.67,0,0,1,0,176,6.1,0.18
2,MI,11,1,97,2,0,1,0,0,GT,70.94,8.68,11.32,Tilak Varma,MI,field first,Tilak Varma,39,34,3,1,Suryakumar Yadav,37,20,1,3,Prasidh Krishna,0.1,0,0,0,Sai Kishore,2.0,0,22,0,"Narendra Modi Stadium, Ahmedabad",69,26.14,8.33,39.56,145.64,32.29,145.3,35.59,8.99,23.7,18.0,8.22,13.1,8.67,0,0,1,0,174,6.2,0.21
2,MI,11,2,97,2,0,1,0,0,GT,70.94,8.55,11.54,Tilak Varma,MI,field first,Tilak Varma,39,35,3,1,Suryakumar Yadav,37,20,1,3,Prasidh Krishna,0.2,0,0,0,Sai Kishore,2.0,0,22,0,"Narendra Modi Stadium, Ahmedabad",69,26.14,8.33,39.56,145.64,32.29,145.3,35.59,8.99,23.7,18.0,8.22,13.1,8.67,0,0,1,0,171,6.3,0.22
2,MI,11,3,97,3,0,0,1,0,GT,73.55,8.43,11.76,Suryakumar Yadav,MI,field first,Suryakumar Yadav,37,20,1,3,Unknown,0,0,0,0,Prasidh Krishna,0.3,0,0,1,Sai Kishore,2.0,0,22,0,"Narendra Modi Stadium, Ahmedabad",69,26.14,8.33,32.29,145.3,0,0,35.59,8.99,23.7,18.0,8.22,13.1,8.67,0,0,1,0,169,6.9,0.28
2,MI,11,4,97,3,0,1,0,0,GT,79.47,8.31,12.0,Robin Minz,MI,field first,Robin Minz,0,1,0,0,Suryakumar Yadav,37,20,1,3,Prasidh Krishna,0.4,0,0,1,Sai Kishore,2.0,0,22,0,"Narendra Modi Stadium, Ahmedabad",69,26.14,8.33,3.0,33.33,32.29,145.3,35.59,8.99,23.7,18.0,8.22,13.1,8.67,0,0,1,0,166,7.0,0.23
2,MI,11,5,99,3,0,0,0,0,GT,82.46,8.36,12.0,Robin Minz,MI,field first,Robin Minz,2,2,0,0,Suryakumar Yadav,37,20,1,3,Prasidh Krishna,0.5,0,2,1,Sai Kishore,2.0,0,22,0,"Narendra Modi Stadium, Ahmedabad",69,26.14,8.33,3.0,33.33,32.29,145.3,35.59,8.99,23.7,18.0,8.22,13.1,8.67,0,0,1,0,167,7.0,0.23
2,MI,11,6,99,3,0,1,0,0,GT,80.65,8.25,12.25,Robin Minz,MI,field first,Robin Minz,2,3,0,0,Suryakumar Yadav,37,20,1,3,Prasidh Krishna,0.6,0,2,1,Sai Kishore,2.0,0,22,0,"Narendra Modi Stadium, Ahmedabad",69,26.14,8.33,3.0,33.33,32.29,145.3,35.59,8.99,23.7,18.0,8.22,13.1,8.67,0,0,1,0,165,7.1,0.23
2,MI,12,1,100,3,0,0,0,0,GT,82.08,8.21,12.38,Robin Minz,MI,field first,Robin Minz,2,3,0,0,Suryakumar Yadav,38,21,1,3,Sai Kishore,2.1,0,23,0,Prasidh Krishna,1.0,0,2,1,"Narendra Modi Stadium, Ahmedabad",69,26.14,8.33,3.0,33.33,32.29,145.3,18.0,8.22,13.1,35.59,8.99,23.7,8.67,0,0,1,0,164,7.2,0.27
2,MI,12,2,100,3,0,1,0,0,GT,82.08,8.1,12.65,Robin Minz,MI,field first,Robin Minz,2,4,0,0,Suryakumar Yadav,38,21,1,3,Sai Kishore,2.2,0,23,0,Prasidh Krishna,1.0,0,2,1,"Narendra Modi Stadium, Ahmedabad",69,26.14,8.33,3.0,33.33,32.29,145.3,18.0,8.22,13.1,35.59,8.99,23.7,8.67,0,0,1,0,162,7.3,0.28
2,MI,12,3,101,3,0,0,0,0,GT,85.12,8.08,12.8,Robin Minz,MI,field first,Robin Minz,3,5,0,0,Suryakumar Yadav,38,21,1,3,Sai Kishore,2.3,0,24,0,Prasidh Krishna,1.0,0,2,1,"Narendra Modi Stadium, Ahmedabad",69,26.14,8.33,3.0,33.33,32.29,145.3,18.0,8.22,13.1,35.59,8.99,23.7,8.67,0,0,1,0,162,7.4,0.26
2,MI,12,4,107,3,1,0,0,0,GT,85.96,8.44,12.27,Suryakumar Yadav,MI,field first,Suryakumar Yadav,44,22,1,4,Robin Minz,3,5,0,0,Sai Kishore,2.4,0,30,0,Prasidh Krishna,1.0,0,2,1,"Narendra Modi Stadium, Ahmedabad",69,26.14,8.33,32.29,145.3,3.0,33.33,18.0,8.22,13.1,35.59,8.99,23.7,8.67,0,0,1,0,169,7.1,0.33
2,MI,12,5,108,3,0,0,0,0,GT,79.78,8.41,12.42,Suryakumar Yadav,MI,field first,Suryakumar Yadav,45,23,1,4,Robin Minz,3,5,0,0,Sai Kishore,2.5,0,31,0,Prasidh Krishna,1.0,0,2,1,"Narendra Modi Stadium, Ahmedabad",69,26.14,8.33,32.29,145.3,3.0,33.33,18.0,8.22,13.1,35.59,8.99,23.7,8.67,0,0,1,0,168,7.2,0.31
2,MI,12,6,108,4,0,0,1,0,GT,79.37,8.3,12.71,Suryakumar Yadav,MI,field first,Suryakumar Yadav,45,23,1,4,Unknown,0,0,0,0,Sai Kishore,2.6,0,31,1,Prasidh Krishna,1.0,0,2,1,"Narendra Modi Stadium, Ahmedabad",69,26.14,8.33,32.29,145.3,0,0,18.0,8.22,13.1,35.59,8.99,23.7,8.67,0,0,1,0,166,7.9,0.28
2,MI,13,1,108,4,0,1,0,0,GT,84.27,8.2,13.02,Suryakumar Yadav,MI,field first,Suryakumar Yadav,45,24,1,4,Naman Dhir,0,0,0,0,Prasidh Krishna,1.1,0,2,1,Sai Kishore,3.0,0,31,1,"Narendra Modi Stadium, Ahmedabad",69,26.14,8.33,32.29,145.3,22.42,172.52,35.59,8.99,23.7,18.0,8.22,13.1,8.67,0,0,1,0,164,8.0,0.29
2,MI,13,2,109,4,0,0,0,0,GT,85.68,8.17,13.2,Suryakumar Yadav,MI,field first,Suryakumar Yadav,46,25,1,4,Naman Dhir,0,0,0,0,Prasidh Krishna,1.2,0,3,1,Sai Kishore,3.0,0,31,1,"Narendra Modi Stadium, Ahmedabad",69,26.14,8.33,32.29,145.3,22.42,172.52,35.59,8.99,23.7,18.0,8.22,13.1,8.67,0,0,1,0,163,8.1,0.28
2,MI,13,3,109,4,0,1,0,0,GT,86.62,8.07,13.54,Hardik Pandya,MI,field first,Hardik Pandya,0,1,0,0,Suryakumar Yadav,46,25,1,4,Prasidh Krishna,1.3,0,3,1,Sai Kishore,3.0,0,31,1,"Narendra Modi Stadium, Ahmedabad",69,26.14,8.33,28.69,145.61,32.29,145.3,35.59,8.99,23.7,18.0,8.22,13.1,8.67,0,0,1,0,161,8.3,0.21
2,MI,13,4,111,4,0,0,0,0,GT,89.14,8.12,13.58,Hardik Pandya,MI,field first,Hardik Pandya,2,2,0,0,Suryakumar Yadav,46,25,1,4,Prasidh Krishna,1.4,0,5,1,Sai Kishore,3.0,0,31,1,"Narendra Modi Stadium, Ahmedabad",69,26.14,8.33,28.69,145.61,32.29,145.3,35.59,8.99,23.7,18.0,8.22,13.1,8.67,0,0,1,0,162,8.3,0.22
2,MI,13,5,111,4,0,1,0,0,GT,88.98,8.02,13.95,Hardik Pandya,MI,field first,Hardik Pandya,2,3,0,0,Suryakumar Yadav,46,25,1,4,Prasidh Krishna,1.5,0,5,1,Sai Kishore,3.0,0,31,1,"Narendra Modi Stadium, Ahmedabad",69,26.14,8.33,28.69,145.61,32.29,145.3,35.59,8.99,23.7,18.0,8.22,13.1,8.67,0,0,1,0,160,8.5,0.2
2,MI,13,6,112,4,0,0,0,0,GT,90.17,8.0,14.17,Hardik Pandya,MI,field first,Hardik Pandya,3,4,0,0,Suryakumar Yadav,46,25,1,4,Prasidh Krishna,1.6,0,6,1,Sai Kishore,3.0,0,31,1,"Narendra Modi Stadium, Ahmedabad",69,26.14,8.33,28.69,145.61,32.29,145.3,35.59,8.99,23.7,18.0,8.22,13.1,8.67,0,0,1,0,160,8.6,0.2
2,MI,14,1,112,4,0,1,0,0,GT,91.96,7.9,14.57,Hardik Pandya,MI,field first,Hardik Pandya,3,5,0,0,Suryakumar Yadav,46,25,1,4,Sai Kishore,3.1,0,31,1,Prasidh Krishna,2.0,0,6,1,"Narendra Modi Stadium, Ahmedabad",69,26.14,8.33,28.69,145.61,32.29,145.3,18.0,8.22,13.1,35.59,8.99,23.7,8.67,0,0,1,0,158,8.8,0.23
2,MI,14,2,112,4,0,1,0,0,GT,91.96,7.81,15.0,Hardik Pandya,MI,field first,Hardik Pandya,3,6,0,0,Suryakumar Yadav,46,25,1,4,Sai Kishore,3.2,0,31,1,Prasidh Krishna,2.0,0,6,1,"Narendra Modi Stadium, Ahmedabad",69,26.14,8.33,28.69,145.61,32.29,145.3,18.0,8.22,13.1,35.59,8.99,23.7,8.67,0,0,1,0,156,9.0,0.22
2,MI,14,3,116,4,1,0,0,0,GT,93.29,8.0,14.73,Hardik Pandya,MI,field first,Hardik Pandya,7,7,1,0,Suryakumar Yadav,46,25,1,4,Sai Kishore,3.3,0,35,1,Prasidh Krishna,2.0,0,6,1,"Narendra Modi Stadium, Ahmedabad",69,26.14,8.33,28.69,145.61,32.29,145.3,18.0,8.22,13.1,35.59,8.99,23.7,8.67,0,0,1,0,160,8.9,0.26
2,MI,14,4,116,4,0,1,0,0,GT,91.83,7.9,15.19,Hardik Pandya,MI,field first,Hardik Pandya,7,8,1,0,Suryakumar Yadav,46,25,1,4,Sai Kishore,3.4,0,35,1,Prasidh Krishna,2.0,0,6,1,"Narendra Modi Stadium, Ahmedabad",69,26.14,8.33,28.69,145.61,32.29,145.3,18.0,8.22,13.1,35.59,8.99,23.7,8.67,0,0,1,0,158,9.1,0.27
2,MI,14,5,117,4,0,0,0,0,GT,93.22,7.88,15.48,Suryakumar Yadav,MI,field first,Suryakumar Yadav,46,25,1,4,Hardik Pandya,8,9,1,0,Sai Kishore,3.5,0,36,1,Prasidh Krishna,2.0,0,6,1,"Narendra Modi Stadium, Ahmedabad",69,26.14,8.33,32.29,145.3,28.69,145.61,18.0,8.22,13.1,35.59,8.99,23.7,8.67,0,0,1,0,158,9.2,0.27
2,MI,14,6,118,4,0,0,0,0,GT,93.22,7.86,15.8,Suryakumar Yadav,MI,field first,Suryakumar Yadav,47,26,1,4,Hardik Pandya,8,9,1,0,Sai Kishore,3.6,0,37,1,Prasidh Krishna,2.0,0,6,1,"Narendra Modi Stadium, Ahmedabad",69,26.14,8.33,32.29,145.3,28.69,145.61,18.0,8.22,13.1,35.59,8.99,23.7,8.67,0,0,1,0,157,9.4,0.27
2,MI,15,1,119,4,0,0,0,0,GT,93.71,7.84,16.14,Suryakumar Yadav,MI,field first,Suryakumar Yadav,48,27,1,4,Hardik Pandya,8,9,1,0,Prasidh Krishna,2.1,0,7,1,Sai Kishore,4.0,0,37,1,"Narendra Modi Stadium, Ahmedabad",69,26.14,8.33,32.29,145.3,28.69,145.61,35.59,8.99,23.7,18.0,8.22,13.1,8.67,0,0,1,0,157,9.6,0.2
1,MI,15,6,111,7,0,1,0,0,RR,76.95,6.93,0,Gerald Coetzee,RR,field first,Gerald Coetzee,4,6,0,0,Tim David,16,17,1,0,Trent Boult,4.0,0,22,3,Ravichandran Ashwin,4.0,0,27,0,"Wankhede Stadium, Mumbai",203,26.49,8.30,3.5,63.63,29.9,171.35,26.91,8.29,19.4,28.74,7.15,24.0,4.33,1.0,0,1,0,139,0
